ts,dpid,opcode,src_ip,dst_ip,src_mac,dst_mac,src_ip_oct,dst_ip_oct,src_mac_b,dst_mac_b,is_request,is_reply,is_gratuitous,dst_mac_zero,req_rate_1s,mac_change_count,label
1765789244.505586,1,1,10.0.0.1,10.0.0.2,00:00:00:00:00:01,00:00:00:00:00:00,1,2,1,0,1,0,0,1,1,0,benign
1765789245.5618327,1,1,10.0.0.1,10.0.0.2,00:00:00:00:00:01,00:00:00:00:00:00,1,2,1,0,1,0,0,1,1,0,benign
1765789246.5847447,1,1,10.0.0.1,10.0.0.2,00:00:00:00:00:01,00:00:00:00:00:00,1,2,1,0,1,0,0,1,1,0,benign
1765789247.6125762,1,1,10.0.0.1,10.0.0.3,00:00:00:00:00:01,00:00:00:00:00:00,1,3,1,0,1,0,0,1,1,0,benign
1765789248.6327715,1,1,10.0.0.1,10.0.0.3,00:00:00:00:00:01,00:00:00:00:00:00,1,3,1,0,1,0,0,1,1,0,benign
1765789249.656551,1,1,10.0.0.1,10.0.0.3,00:00:00:00:00:01,00:00:00:00:00:00,1,3,1,0,1,0,0,1,1,0,benign
1765789250.6828926,1,1,10.0.0.2,10.0.0.1,00:00:00:00:00:02,00:00:00:00:00:00,2,1,2,0,1,0,0,1,1,0,benign
1765789251.705762,1,1,10.0.0.2,10.0.0.1,00:00:00:00:00:02,00:00:00:00:00:00,2,1,2,0,1,0,0,1,1,0,benign
1765789252.72934,1,1,10.0.0.2,10.0.0.1,00:00:00:00:00:02,00:00:00:00:00:00,2,1,2,0,1,0,0,1,1,0,benign
1765789253.7550013,1,1,10.0.0.2,10.0.0.3,00:00:00:00:00:02,00:00:00:00:00:00,2,3,2,0,1,0,0,1,1,0,benign
1765789254.7764502,1,1,10.0.0.2,10.0.0.3,00:00:00:00:00:02,00:00:00:00:00:00,2,3,2,0,1,0,0,1,1,0,benign
1765789255.8009617,1,1,10.0.0.2,10.0.0.3,00:00:00:00:00:02,00:00:00:00:00:00,2,3,2,0,1,0,0,1,1,0,benign
1765789256.8287606,1,1,10.0.0.3,10.0.0.1,00:00:00:00:00:03,00:00:00:00:00:00,3,1,3,0,1,0,0,1,1,0,benign
1765789257.8485148,1,1,10.0.0.3,10.0.0.1,00:00:00:00:00:03,00:00:00:00:00:00,3,1,3,0,1,0,0,1,1,0,benign
1765789258.8723202,1,1,10.0.0.3,10.0.0.1,00:00:00:00:00:03,00:00:00:00:00:00,3,1,3,0,1,0,0,1,1,0,benign
1765789259.8989697,1,1,10.0.0.3,10.0.0.2,00:00:00:00:00:03,00:00:00:00:00:00,3,2,3,0,1,0,0,1,1,0,benign
1765789260.9220173,1,1,10.0.0.3,10.0.0.2,00:00:00:00:00:03,00:00:00:00:00:00,3,2,3,0,1,0,0,1,1,0,benign
1765789261.9443457,1,1,10.0.0.3,10.0.0.2,00:00:00:00:00:03,00:00:00:00:00:00,3,2,3,0,1,0,0,1,1,0,benign
1765789539.8898206,1,1,10.0.0.1,10.0.0.2,00:00:00:00:00:01,00:00:00:00:00:00,1,2,1,0,1,0,0,1,1,0,benign
1765789540.9204128,1,1,10.0.0.1,10.0.0.2,00:00:00:00:00:01,00:00:00:00:00:00,1,2,1,0,1,0,0,1,1,0,benign
1765789541.9453409,1,1,10.0.0.1,10.0.0.2,00:00:00:00:00:01,00:00:00:00:00:00,1,2,1,0,1,0,0,1,1,0,benign
1765789542.9714773,1,1,10.0.0.1,10.0.0.3,00:00:00:00:00:01,00:00:00:00:00:00,1,3,1,0,1,0,0,1,1,0,benign
1765789543.9925096,1,1,10.0.0.1,10.0.0.3,00:00:00:00:00:01,00:00:00:00:00:00,1,3,1,0,1,0,0,1,1,0,benign
1765789545.016302,1,1,10.0.0.1,10.0.0.3,00:00:00:00:00:01,00:00:00:00:00:00,1,3,1,0,1,0,0,1,1,0,benign
1765789546.0462635,1,1,10.0.0.2,10.0.0.1,00:00:00:00:00:02,00:00:00:00:00:00,2,1,2,0,1,0,0,1,1,0,benign
1765789547.0647712,1,1,10.0.0.2,10.0.0.1,00:00:00:00:00:02,00:00:00:00:00:00,2,1,2,0,1,0,0,1,1,0,benign
1765789548.0884302,1,1,10.0.0.2,10.0.0.1,00:00:00:00:00:02,00:00:00:00:00:00,2,1,2,0,1,0,0,1,1,0,benign
1765789549.1159043,1,1,10.0.0.2,10.0.0.3,00:00:00:00:00:02,00:00:00:00:00:00,2,3,2,0,1,0,0,1,1,0,benign
1765789550.1380455,1,1,10.0.0.2,10.0.0.3,00:00:00:00:00:02,00:00:00:00:00:00,2,3,2,0,1,0,0,1,1,0,benign
1765789551.1603043,1,1,10.0.0.2,10.0.0.3,00:00:00:00:00:02,00:00:00:00:00:00,2,3,2,0,1,0,0,1,1,0,benign
1765789552.1880257,1,1,10.0.0.3,10.0.0.1,00:00:00:00:00:03,00:00:00:00:00:00,3,1,3,0,1,0,0,1,1,0,benign
1765789553.2086434,1,1,10.0.0.3,10.0.0.1,00:00:00:00:00:03,00:00:00:00:00:00,3,1,3,0,1,0,0,1,1,0,benign
1765789554.2346344,1,1,10.0.0.3,10.0.0.1,00:00:00:00:00:03,00:00:00:00:00:00,3,1,3,0,1,0,0,1,1,0,benign
1765789555.2582884,1,1,10.0.0.3,10.0.0.2,00:00:00:00:00:03,00:00:00:00:00:00,3,2,3,0,1,0,0,1,1,0,benign
1765789556.281469,1,1,10.0.0.3,10.0.0.2,00:00:00:00:00:03,00:00:00:00:00:00,3,2,3,0,1,0,0,1,1,0,benign
1765789557.3049965,1,1,10.0.0.3,10.0.0.2,00:00:00:00:00:03,00:00:00:00:00:00,3,2,3,0,1,0,0,1,1,0,benign
1765795717.2810953,1,1,10.0.0.1,10.0.0.2,00:00:00:00:00:01,00:00:00:00:00:00,1,2,1,0,1,0,0,1,1,0,benign
1765795717.283648,1,2,10.0.0.2,10.0.0.1,00:00:00:00:00:02,00:00:00:00:00:01,2,1,2,1,0,1,0,0,0,0,benign
1765795717.2904654,1,1,10.0.0.1,10.0.0.3,00:00:00:00:00:01,00:00:00:00:00:00,1,3,1,0,1,0,0,1,2,0,benign
1765795717.2917287,1,2,10.0.0.3,10.0.0.1,00:00:00:00:00:03,00:00:00:00:00:01,3,1,3,1,0,1,0,0,0,0,benign
1765795717.3020887,1,1,10.0.0.2,10.0.0.3,00:00:00:00:00:02,00:00:00:00:00:00,2,3,2,0,1,0,0,1,1,0,benign
1765795717.3038356,1,2,10.0.0.3,10.0.0.2,00:00:00:00:00:03,00:00:00:00:00:02,3,2,3,2,0,1,0,0,0,0,benign
1765795722.4782512,1,1,10.0.0.3,10.0.0.2,00:00:00:00:00:03,00:00:00:00:00:00,3,2,3,0,1,0,0,1,1,0,benign
1765795722.4786847,1,1,10.0.0.3,10.0.0.1,00:00:00:00:00:03,00:00:00:00:00:00,3,1,3,0,1,0,0,1,2,0,benign
1765795722.4789581,1,1,10.0.0.2,10.0.0.1,00:00:00:00:00:02,00:00:00:00:00:00,2,1,2,0,1,0,0,1,1,0,benign
1765795722.4802513,1,2,10.0.0.2,10.0.0.3,00:00:00:00:00:02,00:00:00:00:00:03,2,3,2,3,0,1,0,0,0,0,benign
1765795722.4805543,1,2,10.0.0.1,10.0.0.3,00:00:00:00:00:01,00:00:00:00:00:03,1,3,1,3,0,1,0,0,0,0,benign
1765795722.4807823,1,2,10.0.0.1,10.0.0.2,00:00:00:00:00:01,00:00:00:00:00:02,1,2,1,2,0,1,0,0,0,0,benign
1765795814.6381843,1,1,10.0.0.2,10.0.0.1,00:00:00:00:00:02,00:00:00:00:00:00,2,1,2,0,1,0,0,1,1,0,benign
1765795814.6386657,1,1,10.0.0.1,10.0.0.2,00:00:00:00:00:01,00:00:00:00:00:00,1,2,1,0,1,0,0,1,1,0,benign
1765795814.6398237,1,2,10.0.0.1,10.0.0.2,00:00:00:00:00:01,00:00:00:00:00:02,1,2,1,2,0,1,0,0,0,0,benign
1765795814.6400821,1,2,10.0.0.2,10.0.0.1,00:00:00:00:00:02,00:00:00:00:00:01,2,1,2,1,0,1,0,0,0,0,benign
1765795827.9504,1,1,10.0.0.2,10.0.0.3,00:00:00:00:00:02,00:00:00:00:00:00,2,3,2,0,1,0,0,1,1,0,benign
1765795827.9508939,1,1,10.0.0.3,10.0.0.2,00:00:00:00:00:03,00:00:00:00:00:00,3,2,3,0,1,0,0,1,1,0,benign
1765795827.9526346,1,2,10.0.0.3,10.0.0.2,00:00:00:00:00:03,00:00:00:00:00:02,3,2,3,2,0,1,0,0,0,0,benign
1765795827.9530504,1,2,10.0.0.2,10.0.0.3,00:00:00:00:00:02,00:00:00:00:00:03,2,3,2,3,0,1,0,0,0,0,benign
1765795841.264389,1,1,10.0.0.3,10.0.0.1,00:00:00:00:00:03,00:00:00:00:00:00,3,1,3,0,1,0,0,1,1,0,benign
1765795841.2647545,1,1,10.0.0.1,10.0.0.3,00:00:00:00:00:01,00:00:00:00:00:00,1,3,1,0,1,0,0,1,1,0,benign
1765795841.2658265,1,2,10.0.0.1,10.0.0.3,00:00:00:00:00:01,00:00:00:00:00:03,1,3,1,3,0,1,0,0,0,0,benign
1765795841.2660744,1,2,10.0.0.3,10.0.0.1,00:00:00:00:00:03,00:00:00:00:00:01,3,1,3,1,0,1,0,0,0,0,benign
1765795933.466558,1,1,10.0.0.1,10.0.0.2,00:00:00:00:00:03,00:00:00:00:00:00,1,2,3,0,1,0,0,1,1,0,attack
1765795933.4672809,1,2,10.0.0.2,10.0.0.1,00:00:00:00:00:02,00:00:00:00:00:03,2,1,2,3,0,1,0,0,0,0,attack
1765795934.4680202,1,1,10.0.0.1,10.0.0.2,00:00:00:00:00:03,00:00:00:00:00:00,1,2,3,0,1,0,0,1,1,0,attack
1765795934.469771,1,2,10.0.0.2,10.0.0.1,00:00:00:00:00:02,00:00:00:00:00:03,2,1,2,3,0,1,0,0,0,0,attack
1765795935.4690516,1,1,10.0.0.1,10.0.0.2,00:00:00:00:00:03,00:00:00:00:00:00,1,2,3,0,1,0,0,1,1,0,attack
1765795935.4743915,1,2,10.0.0.2,10.0.0.1,00:00:00:00:00:02,00:00:00:00:00:03,2,1,2,3,0,1,0,0,0,0,attack
1765795936.469601,1,1,10.0.0.1,10.0.0.2,00:00:00:00:00:03,00:00:00:00:00:00,1,2,3,0,1,0,0,1,1,0,attack
1765795936.4709291,1,2,10.0.0.2,10.0.0.1,00:00:00:00:00:02,00:00:00:00:00:03,2,1,2,3,0,1,0,0,0,0,attack
1765795937.4706006,1,1,10.0.0.1,10.0.0.2,00:00:00:00:00:03,00:00:00:00:00:00,1,2,3,0,1,0,0,1,1,0,attack
1765795937.4721413,1,2,10.0.0.2,10.0.0.1,00:00:00:00:00:02,00:00:00:00:00:03,2,1,2,3,0,1,0,0,0,0,attack
1765795938.471894,1,1,10.0.0.1,10.0.0.2,00:00:00:00:00:03,00:00:00:00:00:00,1,2,3,0,1,0,0,1,1,0,attack
1765795938.473519,1,2,10.0.0.2,10.0.0.1,00:00:00:00:00:02,00:00:00:00:00:03,2,1,2,3,0,1,0,0,0,0,attack
1765795939.4731061,1,1,10.0.0.1,10.0.0.2,00:00:00:00:00:03,00:00:00:00:00:00,1,2,3,0,1,0,0,1,1,0,attack
1765795939.4744883,1,2,10.0.0.2,10.0.0.1,00:00:00:00:00:02,00:00:00:00:00:03,2,1,2,3,0,1,0,0,0,0,attack
1765795940.4735959,1,1,10.0.0.1,10.0.0.2,00:00:00:00:00:03,00:00:00:00:00:00,1,2,3,0,1,0,0,1,1,0,attack
1765795940.4748797,1,2,10.0.0.2,10.0.0.1,00:00:00:00:00:02,00:00:00:00:00:03,2,1,2,3,0,1,0,0,0,0,attack
1765795941.4748895,1,1,10.0.0.1,10.0.0.2,00:00:00:00:00:03,00:00:00:00:00:00,1,2,3,0,1,0,0,1,1,0,attack
1765795941.4762685,1,2,10.0.0.2,10.0.0.1,00:00:00:00:00:02,00:00:00:00:00:03,2,1,2,3,0,1,0,0,0,0,attack
1765795942.475703,1,1,10.0.0.1,10.0.0.2,00:00:00:00:00:03,00:00:00:00:00:00,1,2,3,0,1,0,0,1,1,0,attack
1765795942.4771955,1,2,10.0.0.2,10.0.0.1,00:00:00:00:00:02,00:00:00:00:00:03,2,1,2,3,0,1,0,0,0,0,attack
1765795969.91021,1,1,10.0.0.1,10.0.0.1,00:00:00:00:00:03,00:00:00:00:00:00,1,1,3,0,1,0,1,1,1,0,attack
1765795969.9114797,1,1,10.0.0.1,10.0.0.1,00:00:00:00:00:03,00:00:00:00:00:00,1,1,3,0,1,0,1,1,2,0,attack
1765795969.9122806,1,1,10.0.0.1,10.0.0.1,00:00:00:00:00:03,00:00:00:00:00:00,1,1,3,0,1,0,1,1,3,0,attack
1765795969.9130404,1,1,10.0.0.1,10.0.0.1,00:00:00:00:00:03,00:00:00:00:00:00,1,1,3,0,1,0,1,1,4,0,attack
1765795969.9139671,1,1,10.0.0.1,10.0.0.1,00:00:00:00:00:03,00:00:00:00:00:00,1,1,3,0,1,0,1,1,5,0,attack
1765795969.9148924,1,1,10.0.0.1,10.0.0.1,00:00:00:00:00:03,00:00:00:00:00:00,1,1,3,0,1,0,1,1,6,0,attack
1765795969.9159043,1,1,10.0.0.1,10.0.0.1,00:00:00:00:00:03,00:00:00:00:00:00,1,1,3,0,1,0,1,1,7,0,attack
1765795969.9170024,1,1,10.0.0.1,10.0.0.1,00:00:00:00:00:03,00:00:00:00:00:00,1,1,3,0,1,0,1,1,8,0,attack
1765795969.918444,1,1,10.0.0.1,10.0.0.1,00:00:00:00:00:03,00:00:00:00:00:00,1,1,3,0,1,0,1,1,9,0,attack
1765795969.9195743,1,1,10.0.0.1,10.0.0.1,00:00:00:00:00:03,00:00:00:00:00:00,1,1,3,0,1,0,1,1,10,0,attack
1765795969.9205587,1,1,10.0.0.1,10.0.0.1,00:00:00:00:00:03,00:00:00:00:00:00,1,1,3,0,1,0,1,1,11,0,attack
1765795969.9214904,1,1,10.0.0.1,10.0.0.1,00:00:00:00:00:03,00:00:00:00:00:00,1,1,3,0,1,0,1,1,12,0,attack
1765795969.9225082,1,1,10.0.0.1,10.0.0.1,00:00:00:00:00:03,00:00:00:00:00:00,1,1,3,0,1,0,1,1,13,0,attack
1765795969.9233646,1,1,10.0.0.1,10.0.0.1,00:00:00:00:00:03,00:00:00:00:00:00,1,1,3,0,1,0,1,1,14,0,attack
1765795969.9245975,1,1,10.0.0.1,10.0.0.1,00:00:00:00:00:03,00:00:00:00:00:00,1,1,3,0,1,0,1,1,15,0,attack
1765795969.9256375,1,1,10.0.0.1,10.0.0.1,00:00:00:00:00:03,00:00:00:00:00:00,1,1,3,0,1,0,1,1,16,0,attack
1765795969.9267921,1,1,10.0.0.1,10.0.0.1,00:00:00:00:00:03,00:00:00:00:00:00,1,1,3,0,1,0,1,1,17,0,attack
1765795969.9277139,1,1,10.0.0.1,10.0.0.1,00:00:00:00:00:03,00:00:00:00:00:00,1,1,3,0,1,0,1,1,18,0,attack
1765795969.9287708,1,1,10.0.0.1,10.0.0.1,00:00:00:00:00:03,00:00:00:00:00:00,1,1,3,0,1,0,1,1,19,0,attack
1765795969.9298618,1,1,10.0.0.1,10.0.0.1,00:00:00:00:00:03,00:00:00:00:00:00,1,1,3,0,1,0,1,1,20,0,attack
1765795969.931235,1,1,10.0.0.1,10.0.0.1,00:00:00:00:00:03,00:00:00:00:00:00,1,1,3,0,1,0,1,1,21,0,attack
1765795969.9322078,1,1,10.0.0.1,10.0.0.1,00:00:00:00:00:03,00:00:00:00:00:00,1,1,3,0,1,0,1,1,22,0,attack
1765795969.933116,1,1,10.0.0.1,10.0.0.1,00:00:00:00:00:03,00:00:00:00:00:00,1,1,3,0,1,0,1,1,23,0,attack
1765795969.9342291,1,1,10.0.0.1,10.0.0.1,00:00:00:00:00:03,00:00:00:00:00:00,1,1,3,0,1,0,1,1,24,0,attack
1765795969.9353373,1,1,10.0.0.1,10.0.0.1,00:00:00:00:00:03,00:00:00:00:00:00,1,1,3,0,1,0,1,1,25,0,attack
1765795969.9365814,1,1,10.0.0.1,10.0.0.1,00:00:00:00:00:03,00:00:00:00:00:00,1,1,3,0,1,0,1,1,26,0,attack
1765795969.9375393,1,1,10.0.0.1,10.0.0.1,00:00:00:00:00:03,00:00:00:00:00:00,1,1,3,0,1,0,1,1,27,0,attack
1765795969.9386735,1,1,10.0.0.1,10.0.0.1,00:00:00:00:00:03,00:00:00:00:00:00,1,1,3,0,1,0,1,1,28,0,attack
1765795969.9396324,1,1,10.0.0.1,10.0.0.1,00:00:00:00:00:03,00:00:00:00:00:00,1,1,3,0,1,0,1,1,29,0,attack
1765795969.9406834,1,1,10.0.0.1,10.0.0.1,00:00:00:00:00:03,00:00:00:00:00:00,1,1,3,0,1,0,1,1,30,0,attack
1765795969.9418073,1,1,10.0.0.1,10.0.0.1,00:00:00:00:00:03,00:00:00:00:00:00,1,1,3,0,1,0,1,1,31,0,attack
1765795969.942912,1,1,10.0.0.1,10.0.0.1,00:00:00:00:00:03,00:00:00:00:00:00,1,1,3,0,1,0,1,1,32,0,attack
1765795969.943982,1,1,10.0.0.1,10.0.0.1,00:00:00:00:00:03,00:00:00:00:00:00,1,1,3,0,1,0,1,1,33,0,attack
1765795969.9450915,1,1,10.0.0.1,10.0.0.1,00:00:00:00:00:03,00:00:00:00:00:00,1,1,3,0,1,0,1,1,34,0,attack
1765795969.9461884,1,1,10.0.0.1,10.0.0.1,00:00:00:00:00:03,00:00:00:00:00:00,1,1,3,0,1,0,1,1,35,0,attack
1765795969.9472778,1,1,10.0.0.1,10.0.0.1,00:00:00:00:00:03,00:00:00:00:00:00,1,1,3,0,1,0,1,1,36,0,attack
1765795969.948478,1,1,10.0.0.1,10.0.0.1,00:00:00:00:00:03,00:00:00:00:00:00,1,1,3,0,1,0,1,1,37,0,attack
1765795969.949469,1,1,10.0.0.1,10.0.0.1,00:00:00:00:00:03,00:00:00:00:00:00,1,1,3,0,1,0,1,1,38,0,attack
1765795969.9505403,1,1,10.0.0.1,10.0.0.1,00:00:00:00:00:03,00:00:00:00:00:00,1,1,3,0,1,0,1,1,39,0,attack
1765795969.9515889,1,1,10.0.0.1,10.0.0.1,00:00:00:00:00:03,00:00:00:00:00:00,1,1,3,0,1,0,1,1,40,0,attack
1765795969.9526455,1,1,10.0.0.1,10.0.0.1,00:00:00:00:00:03,00:00:00:00:00:00,1,1,3,0,1,0,1,1,41,0,attack
1765795969.9537072,1,1,10.0.0.1,10.0.0.1,00:00:00:00:00:03,00:00:00:00:00:00,1,1,3,0,1,0,1,1,42,0,attack
1765795969.9547698,1,1,10.0.0.1,10.0.0.1,00:00:00:00:00:03,00:00:00:00:00:00,1,1,3,0,1,0,1,1,43,0,attack
1765795969.9559069,1,1,10.0.0.1,10.0.0.1,00:00:00:00:00:03,00:00:00:00:00:00,1,1,3,0,1,0,1,1,44,0,attack
1765795969.9569964,1,1,10.0.0.1,10.0.0.1,00:00:00:00:00:03,00:00:00:00:00:00,1,1,3,0,1,0,1,1,45,0,attack
1765795969.9580781,1,1,10.0.0.1,10.0.0.1,00:00:00:00:00:03,00:00:00:00:00:00,1,1,3,0,1,0,1,1,46,0,attack
1765795969.9591827,1,1,10.0.0.1,10.0.0.1,00:00:00:00:00:03,00:00:00:00:00:00,1,1,3,0,1,0,1,1,47,0,attack
1765795969.9602706,1,1,10.0.0.1,10.0.0.1,00:00:00:00:00:03,00:00:00:00:00:00,1,1,3,0,1,0,1,1,48,0,attack
1765795969.9613574,1,1,10.0.0.1,10.0.0.1,00:00:00:00:00:03,00:00:00:00:00:00,1,1,3,0,1,0,1,1,49,0,attack
1765795969.9624562,1,1,10.0.0.1,10.0.0.1,00:00:00:00:00:03,00:00:00:00:00:00,1,1,3,0,1,0,1,1,50,0,attack
1765795969.9636612,1,1,10.0.0.1,10.0.0.1,00:00:00:00:00:03,00:00:00:00:00:00,1,1,3,0,1,0,1,1,51,0,attack
1765795969.9647233,1,1,10.0.0.1,10.0.0.1,00:00:00:00:00:03,00:00:00:00:00:00,1,1,3,0,1,0,1,1,52,0,attack
1765795969.9657521,1,1,10.0.0.1,10.0.0.1,00:00:00:00:00:03,00:00:00:00:00:00,1,1,3,0,1,0,1,1,53,0,attack
1765795969.9667828,1,1,10.0.0.1,10.0.0.1,00:00:00:00:00:03,00:00:00:00:00:00,1,1,3,0,1,0,1,1,54,0,attack
1765795969.9678845,1,1,10.0.0.1,10.0.0.1,00:00:00:00:00:03,00:00:00:00:00:00,1,1,3,0,1,0,1,1,55,0,attack
1765795969.9689598,1,1,10.0.0.1,10.0.0.1,00:00:00:00:00:03,00:00:00:00:00:00,1,1,3,0,1,0,1,1,56,0,attack
1765795969.9700434,1,1,10.0.0.1,10.0.0.1,00:00:00:00:00:03,00:00:00:00:00:00,1,1,3,0,1,0,1,1,57,0,attack
1765795969.9711082,1,1,10.0.0.1,10.0.0.1,00:00:00:00:00:03,00:00:00:00:00:00,1,1,3,0,1,0,1,1,58,0,attack
1765795969.972222,1,1,10.0.0.1,10.0.0.1,00:00:00:00:00:03,00:00:00:00:00:00,1,1,3,0,1,0,1,1,59,0,attack
1765795969.9733112,1,1,10.0.0.1,10.0.0.1,00:00:00:00:00:03,00:00:00:00:00:00,1,1,3,0,1,0,1,1,60,0,attack
1765795969.9745302,1,1,10.0.0.1,10.0.0.1,00:00:00:00:00:03,00:00:00:00:00:00,1,1,3,0,1,0,1,1,61,0,attack
1765795969.9756172,1,1,10.0.0.1,10.0.0.1,00:00:00:00:00:03,00:00:00:00:00:00,1,1,3,0,1,0,1,1,62,0,attack
1765795969.976613,1,1,10.0.0.1,10.0.0.1,00:00:00:00:00:03,00:00:00:00:00:00,1,1,3,0,1,0,1,1,63,0,attack
1765795969.9776466,1,1,10.0.0.1,10.0.0.1,00:00:00:00:00:03,00:00:00:00:00:00,1,1,3,0,1,0,1,1,64,0,attack
1765795969.9786935,1,1,10.0.0.1,10.0.0.1,00:00:00:00:00:03,00:00:00:00:00:00,1,1,3,0,1,0,1,1,65,0,attack
1765795969.9797652,1,1,10.0.0.1,10.0.0.1,00:00:00:00:00:03,00:00:00:00:00:00,1,1,3,0,1,0,1,1,66,0,attack
1765795969.9809768,1,1,10.0.0.1,10.0.0.1,00:00:00:00:00:03,00:00:00:00:00:00,1,1,3,0,1,0,1,1,67,0,attack
1765795969.9820318,1,1,10.0.0.1,10.0.0.1,00:00:00:00:00:03,00:00:00:00:00:00,1,1,3,0,1,0,1,1,68,0,attack
1765795969.9830751,1,1,10.0.0.1,10.0.0.1,00:00:00:00:00:03,00:00:00:00:00:00,1,1,3,0,1,0,1,1,69,0,attack
1765795969.9841328,1,1,10.0.0.1,10.0.0.1,00:00:00:00:00:03,00:00:00:00:00:00,1,1,3,0,1,0,1,1,70,0,attack
1765795969.9852285,1,1,10.0.0.1,10.0.0.1,00:00:00:00:00:03,00:00:00:00:00:00,1,1,3,0,1,0,1,1,71,0,attack
1765795969.986326,1,1,10.0.0.1,10.0.0.1,00:00:00:00:00:03,00:00:00:00:00:00,1,1,3,0,1,0,1,1,72,0,attack
1765795969.9874282,1,1,10.0.0.1,10.0.0.1,00:00:00:00:00:03,00:00:00:00:00:00,1,1,3,0,1,0,1,1,73,0,attack
1765795969.9885077,1,1,10.0.0.1,10.0.0.1,00:00:00:00:00:03,00:00:00:00:00:00,1,1,3,0,1,0,1,1,74,0,attack
1765795969.9895651,1,1,10.0.0.1,10.0.0.1,00:00:00:00:00:03,00:00:00:00:00:00,1,1,3,0,1,0,1,1,75,0,attack
1765795969.9906235,1,1,10.0.0.1,10.0.0.1,00:00:00:00:00:03,00:00:00:00:00:00,1,1,3,0,1,0,1,1,76,0,attack
1765795969.9917037,1,1,10.0.0.1,10.0.0.1,00:00:00:00:00:03,00:00:00:00:00:00,1,1,3,0,1,0,1,1,77,0,attack
1765795969.992755,1,1,10.0.0.1,10.0.0.1,00:00:00:00:00:03,00:00:00:00:00:00,1,1,3,0,1,0,1,1,78,0,attack
1765795969.993841,1,1,10.0.0.1,10.0.0.1,00:00:00:00:00:03,00:00:00:00:00:00,1,1,3,0,1,0,1,1,79,0,attack
1765795969.9949996,1,1,10.0.0.1,10.0.0.1,00:00:00:00:00:03,00:00:00:00:00:00,1,1,3,0,1,0,1,1,80,0,attack
1765795969.9960532,1,1,10.0.0.1,10.0.0.1,00:00:00:00:00:03,00:00:00:00:00:00,1,1,3,0,1,0,1,1,81,0,attack
1765795969.9971344,1,1,10.0.0.1,10.0.0.1,00:00:00:00:00:03,00:00:00:00:00:00,1,1,3,0,1,0,1,1,82,0,attack
1765795969.9982705,1,1,10.0.0.1,10.0.0.1,00:00:00:00:00:03,00:00:00:00:00:00,1,1,3,0,1,0,1,1,83,0,attack
1765795969.9993088,1,1,10.0.0.1,10.0.0.1,00:00:00:00:00:03,00:00:00:00:00:00,1,1,3,0,1,0,1,1,84,0,attack
1765795970.0003915,1,1,10.0.0.1,10.0.0.1,00:00:00:00:00:03,00:00:00:00:00:00,1,1,3,0,1,0,1,1,85,0,attack
1765795970.0014586,1,1,10.0.0.1,10.0.0.1,00:00:00:00:00:03,00:00:00:00:00:00,1,1,3,0,1,0,1,1,86,0,attack
1765795970.0025592,1,1,10.0.0.1,10.0.0.1,00:00:00:00:00:03,00:00:00:00:00:00,1,1,3,0,1,0,1,1,87,0,attack
1765795970.0037482,1,1,10.0.0.1,10.0.0.1,00:00:00:00:00:03,00:00:00:00:00:00,1,1,3,0,1,0,1,1,88,0,attack
1765795970.0047662,1,1,10.0.0.1,10.0.0.1,00:00:00:00:00:03,00:00:00:00:00:00,1,1,3,0,1,0,1,1,89,0,attack
1765795970.0057557,1,1,10.0.0.1,10.0.0.1,00:00:00:00:00:03,00:00:00:00:00:00,1,1,3,0,1,0,1,1,90,0,attack
1765795970.0068004,1,1,10.0.0.1,10.0.0.1,00:00:00:00:00:03,00:00:00:00:00:00,1,1,3,0,1,0,1,1,91,0,attack
1765795970.007945,1,1,10.0.0.1,10.0.0.1,00:00:00:00:00:03,00:00:00:00:00:00,1,1,3,0,1,0,1,1,92,0,attack
1765795970.0089955,1,1,10.0.0.1,10.0.0.1,00:00:00:00:00:03,00:00:00:00:00:00,1,1,3,0,1,0,1,1,93,0,attack
1765795970.0100584,1,1,10.0.0.1,10.0.0.1,00:00:00:00:00:03,00:00:00:00:00:00,1,1,3,0,1,0,1,1,94,0,attack
1765795970.0111861,1,1,10.0.0.1,10.0.0.1,00:00:00:00:00:03,00:00:00:00:00:00,1,1,3,0,1,0,1,1,95,0,attack
1765795970.012285,1,1,10.0.0.1,10.0.0.1,00:00:00:00:00:03,00:00:00:00:00:00,1,1,3,0,1,0,1,1,96,0,attack
1765795970.0133793,1,1,10.0.0.1,10.0.0.1,00:00:00:00:00:03,00:00:00:00:00:00,1,1,3,0,1,0,1,1,97,0,attack
1765795970.0144963,1,1,10.0.0.1,10.0.0.1,00:00:00:00:00:03,00:00:00:00:00:00,1,1,3,0,1,0,1,1,98,0,attack
1765795970.0155687,1,1,10.0.0.1,10.0.0.1,00:00:00:00:00:03,00:00:00:00:00:00,1,1,3,0,1,0,1,1,99,0,attack
1765795970.0166047,1,1,10.0.0.1,10.0.0.1,00:00:00:00:00:03,00:00:00:00:00:00,1,1,3,0,1,0,1,1,100,0,attack
1765795970.017676,1,1,10.0.0.1,10.0.0.1,00:00:00:00:00:03,00:00:00:00:00:00,1,1,3,0,1,0,1,1,101,0,attack
1765795970.018728,1,1,10.0.0.1,10.0.0.1,00:00:00:00:00:03,00:00:00:00:00:00,1,1,3,0,1,0,1,1,102,0,attack
1765795970.0197854,1,1,10.0.0.1,10.0.0.1,00:00:00:00:00:03,00:00:00:00:00:00,1,1,3,0,1,0,1,1,103,0,attack
1765795970.020878,1,1,10.0.0.1,10.0.0.1,00:00:00:00:00:03,00:00:00:00:00:00,1,1,3,0,1,0,1,1,104,0,attack
1765795970.0220053,1,1,10.0.0.1,10.0.0.1,00:00:00:00:00:03,00:00:00:00:00:00,1,1,3,0,1,0,1,1,105,0,attack
1765795970.0230823,1,1,10.0.0.1,10.0.0.1,00:00:00:00:00:03,00:00:00:00:00:00,1,1,3,0,1,0,1,1,106,0,attack
1765795970.0241852,1,1,10.0.0.1,10.0.0.1,00:00:00:00:00:03,00:00:00:00:00:00,1,1,3,0,1,0,1,1,107,0,attack
1765795970.025302,1,1,10.0.0.1,10.0.0.1,00:00:00:00:00:03,00:00:00:00:00:00,1,1,3,0,1,0,1,1,108,0,attack
1765795970.0264122,1,1,10.0.0.1,10.0.0.1,00:00:00:00:00:03,00:00:00:00:00:00,1,1,3,0,1,0,1,1,109,0,attack
1765795970.0276532,1,1,10.0.0.1,10.0.0.1,00:00:00:00:00:03,00:00:00:00:00:00,1,1,3,0,1,0,1,1,110,0,attack
1765795970.0287075,1,1,10.0.0.1,10.0.0.1,00:00:00:00:00:03,00:00:00:00:00:00,1,1,3,0,1,0,1,1,111,0,attack
1765795970.0297272,1,1,10.0.0.1,10.0.0.1,00:00:00:00:00:03,00:00:00:00:00:00,1,1,3,0,1,0,1,1,112,0,attack
1765795970.0308833,1,1,10.0.0.1,10.0.0.1,00:00:00:00:00:03,00:00:00:00:00:00,1,1,3,0,1,0,1,1,113,0,attack
1765795970.0320053,1,1,10.0.0.1,10.0.0.1,00:00:00:00:00:03,00:00:00:00:00:00,1,1,3,0,1,0,1,1,114,0,attack
1765795970.0329964,1,1,10.0.0.1,10.0.0.1,00:00:00:00:00:03,00:00:00:00:00:00,1,1,3,0,1,0,1,1,115,0,attack
1765795970.0340722,1,1,10.0.0.1,10.0.0.1,00:00:00:00:00:03,00:00:00:00:00:00,1,1,3,0,1,0,1,1,116,0,attack
1765795970.0351129,1,1,10.0.0.1,10.0.0.1,00:00:00:00:00:03,00:00:00:00:00:00,1,1,3,0,1,0,1,1,117,0,attack
1765795970.0362482,1,1,10.0.0.1,10.0.0.1,00:00:00:00:00:03,00:00:00:00:00:00,1,1,3,0,1,0,1,1,118,0,attack
1765795970.0373237,1,1,10.0.0.1,10.0.0.1,00:00:00:00:00:03,00:00:00:00:00:00,1,1,3,0,1,0,1,1,119,0,attack
1765795970.0384278,1,1,10.0.0.1,10.0.0.1,00:00:00:00:00:03,00:00:00:00:00:00,1,1,3,0,1,0,1,1,120,0,attack
1765795970.0395193,1,1,10.0.0.1,10.0.0.1,00:00:00:00:00:03,00:00:00:00:00:00,1,1,3,0,1,0,1,1,121,0,attack
1765795970.0406246,1,1,10.0.0.1,10.0.0.1,00:00:00:00:00:03,00:00:00:00:00:00,1,1,3,0,1,0,1,1,122,0,attack
1765795970.0417273,1,1,10.0.0.1,10.0.0.1,00:00:00:00:00:03,00:00:00:00:00:00,1,1,3,0,1,0,1,1,123,0,attack
1765795970.0427463,1,1,10.0.0.1,10.0.0.1,00:00:00:00:00:03,00:00:00:00:00:00,1,1,3,0,1,0,1,1,124,0,attack
1765795970.0437899,1,1,10.0.0.1,10.0.0.1,00:00:00:00:00:03,00:00:00:00:00:00,1,1,3,0,1,0,1,1,125,0,attack
1765795970.0449042,1,1,10.0.0.1,10.0.0.1,00:00:00:00:00:03,00:00:00:00:00:00,1,1,3,0,1,0,1,1,126,0,attack
1765795970.0459814,1,1,10.0.0.1,10.0.0.1,00:00:00:00:00:03,00:00:00:00:00:00,1,1,3,0,1,0,1,1,127,0,attack
1765795970.0471065,1,1,10.0.0.1,10.0.0.1,00:00:00:00:00:03,00:00:00:00:00:00,1,1,3,0,1,0,1,1,128,0,attack
1765795970.0482898,1,1,10.0.0.1,10.0.0.1,00:00:00:00:00:03,00:00:00:00:00:00,1,1,3,0,1,0,1,1,129,0,attack
1765795970.0492845,1,1,10.0.0.1,10.0.0.1,00:00:00:00:00:03,00:00:00:00:00:00,1,1,3,0,1,0,1,1,130,0,attack
1765795970.0503619,1,1,10.0.0.1,10.0.0.1,00:00:00:00:00:03,00:00:00:00:00:00,1,1,3,0,1,0,1,1,131,0,attack
1765795970.0514965,1,1,10.0.0.1,10.0.0.1,00:00:00:00:00:03,00:00:00:00:00:00,1,1,3,0,1,0,1,1,132,0,attack
1765795970.052548,1,1,10.0.0.1,10.0.0.1,00:00:00:00:00:03,00:00:00:00:00:00,1,1,3,0,1,0,1,1,133,0,attack
1765795970.0535572,1,1,10.0.0.1,10.0.0.1,00:00:00:00:00:03,00:00:00:00:00:00,1,1,3,0,1,0,1,1,134,0,attack
1765795970.054604,1,1,10.0.0.1,10.0.0.1,00:00:00:00:00:03,00:00:00:00:00:00,1,1,3,0,1,0,1,1,135,0,attack
1765795970.0556564,1,1,10.0.0.1,10.0.0.1,00:00:00:00:00:03,00:00:00:00:00:00,1,1,3,0,1,0,1,1,136,0,attack
1765795970.0567226,1,1,10.0.0.1,10.0.0.1,00:00:00:00:00:03,00:00:00:00:00:00,1,1,3,0,1,0,1,1,137,0,attack
1765795970.0578303,1,1,10.0.0.1,10.0.0.1,00:00:00:00:00:03,00:00:00:00:00:00,1,1,3,0,1,0,1,1,138,0,attack
1765795970.0589044,1,1,10.0.0.1,10.0.0.1,00:00:00:00:00:03,00:00:00:00:00:00,1,1,3,0,1,0,1,1,139,0,attack
1765795970.0599914,1,1,10.0.0.1,10.0.0.1,00:00:00:00:00:03,00:00:00:00:00:00,1,1,3,0,1,0,1,1,140,0,attack
1765795970.0610812,1,1,10.0.0.1,10.0.0.1,00:00:00:00:00:03,00:00:00:00:00:00,1,1,3,0,1,0,1,1,141,0,attack
1765795970.0621617,1,1,10.0.0.1,10.0.0.1,00:00:00:00:00:03,00:00:00:00:00:00,1,1,3,0,1,0,1,1,142,0,attack
1765795970.063258,1,1,10.0.0.1,10.0.0.1,00:00:00:00:00:03,00:00:00:00:00:00,1,1,3,0,1,0,1,1,143,0,attack
1765795970.064451,1,1,10.0.0.1,10.0.0.1,00:00:00:00:00:03,00:00:00:00:00:00,1,1,3,0,1,0,1,1,144,0,attack
1765795970.0654438,1,1,10.0.0.1,10.0.0.1,00:00:00:00:00:03,00:00:00:00:00:00,1,1,3,0,1,0,1,1,145,0,attack
1765795970.0665345,1,1,10.0.0.1,10.0.0.1,00:00:00:00:00:03,00:00:00:00:00:00,1,1,3,0,1,0,1,1,146,0,attack
1765795970.0675483,1,1,10.0.0.1,10.0.0.1,00:00:00:00:00:03,00:00:00:00:00:00,1,1,3,0,1,0,1,1,147,0,attack
1765795970.0685945,1,1,10.0.0.1,10.0.0.1,00:00:00:00:00:03,00:00:00:00:00:00,1,1,3,0,1,0,1,1,148,0,attack
1765795970.0696566,1,1,10.0.0.1,10.0.0.1,00:00:00:00:00:03,00:00:00:00:00:00,1,1,3,0,1,0,1,1,149,0,attack
1765795970.0707104,1,1,10.0.0.1,10.0.0.1,00:00:00:00:00:03,00:00:00:00:00:00,1,1,3,0,1,0,1,1,150,0,attack
1765795970.071771,1,1,10.0.0.1,10.0.0.1,00:00:00:00:00:03,00:00:00:00:00:00,1,1,3,0,1,0,1,1,151,0,attack
1765795970.072901,1,1,10.0.0.1,10.0.0.1,00:00:00:00:00:03,00:00:00:00:00:00,1,1,3,0,1,0,1,1,152,0,attack
1765795970.0740323,1,1,10.0.0.1,10.0.0.1,00:00:00:00:00:03,00:00:00:00:00:00,1,1,3,0,1,0,1,1,153,0,attack
1765795970.0751054,1,1,10.0.0.1,10.0.0.1,00:00:00:00:00:03,00:00:00:00:00:00,1,1,3,0,1,0,1,1,154,0,attack
1765795970.0761595,1,1,10.0.0.1,10.0.0.1,00:00:00:00:00:03,00:00:00:00:00:00,1,1,3,0,1,0,1,1,155,0,attack
1765795970.077244,1,1,10.0.0.1,10.0.0.1,00:00:00:00:00:03,00:00:00:00:00:00,1,1,3,0,1,0,1,1,156,0,attack
1765795970.0783415,1,1,10.0.0.1,10.0.0.1,00:00:00:00:00:03,00:00:00:00:00:00,1,1,3,0,1,0,1,1,157,0,attack
1765795970.0794537,1,1,10.0.0.1,10.0.0.1,00:00:00:00:00:03,00:00:00:00:00:00,1,1,3,0,1,0,1,1,158,0,attack
1765795970.0805485,1,1,10.0.0.1,10.0.0.1,00:00:00:00:00:03,00:00:00:00:00:00,1,1,3,0,1,0,1,1,159,0,attack
1765795970.081673,1,1,10.0.0.1,10.0.0.1,00:00:00:00:00:03,00:00:00:00:00:00,1,1,3,0,1,0,1,1,160,0,attack
1765795970.0826416,1,1,10.0.0.1,10.0.0.1,00:00:00:00:00:03,00:00:00:00:00:00,1,1,3,0,1,0,1,1,161,0,attack
1765795970.0836906,1,1,10.0.0.1,10.0.0.1,00:00:00:00:00:03,00:00:00:00:00:00,1,1,3,0,1,0,1,1,162,0,attack
1765795970.0847452,1,1,10.0.0.1,10.0.0.1,00:00:00:00:00:03,00:00:00:00:00:00,1,1,3,0,1,0,1,1,163,0,attack
1765795970.0858521,1,1,10.0.0.1,10.0.0.1,00:00:00:00:00:03,00:00:00:00:00:00,1,1,3,0,1,0,1,1,164,0,attack
1765795970.0869565,1,1,10.0.0.1,10.0.0.1,00:00:00:00:00:03,00:00:00:00:00:00,1,1,3,0,1,0,1,1,165,0,attack
1765795970.0880265,1,1,10.0.0.1,10.0.0.1,00:00:00:00:00:03,00:00:00:00:00:00,1,1,3,0,1,0,1,1,166,0,attack
1765795970.0891283,1,1,10.0.0.1,10.0.0.1,00:00:00:00:00:03,00:00:00:00:00:00,1,1,3,0,1,0,1,1,167,0,attack
1765795970.09023,1,1,10.0.0.1,10.0.0.1,00:00:00:00:00:03,00:00:00:00:00:00,1,1,3,0,1,0,1,1,168,0,attack
1765795970.0913668,1,1,10.0.0.1,10.0.0.1,00:00:00:00:00:03,00:00:00:00:00:00,1,1,3,0,1,0,1,1,169,0,attack
1765795970.0924242,1,1,10.0.0.1,10.0.0.1,00:00:00:00:00:03,00:00:00:00:00:00,1,1,3,0,1,0,1,1,170,0,attack
1765795970.0935009,1,1,10.0.0.1,10.0.0.1,00:00:00:00:00:03,00:00:00:00:00:00,1,1,3,0,1,0,1,1,171,0,attack
1765795970.0945442,1,1,10.0.0.1,10.0.0.1,00:00:00:00:00:03,00:00:00:00:00:00,1,1,3,0,1,0,1,1,172,0,attack
1765795970.0955992,1,1,10.0.0.1,10.0.0.1,00:00:00:00:00:03,00:00:00:00:00:00,1,1,3,0,1,0,1,1,173,0,attack
1765795970.096732,1,1,10.0.0.1,10.0.0.1,00:00:00:00:00:03,00:00:00:00:00:00,1,1,3,0,1,0,1,1,174,0,attack
1765795970.0978193,1,1,10.0.0.1,10.0.0.1,00:00:00:00:00:03,00:00:00:00:00:00,1,1,3,0,1,0,1,1,175,0,attack
1765795970.0988874,1,1,10.0.0.1,10.0.0.1,00:00:00:00:00:03,00:00:00:00:00:00,1,1,3,0,1,0,1,1,176,0,attack
1765795970.0999627,1,1,10.0.0.1,10.0.0.1,00:00:00:00:00:03,00:00:00:00:00:00,1,1,3,0,1,0,1,1,177,0,attack
1765795970.1010332,1,1,10.0.0.1,10.0.0.1,00:00:00:00:00:03,00:00:00:00:00:00,1,1,3,0,1,0,1,1,178,0,attack
1765795970.1021295,1,1,10.0.0.1,10.0.0.1,00:00:00:00:00:03,00:00:00:00:00:00,1,1,3,0,1,0,1,1,179,0,attack
1765795970.1032133,1,1,10.0.0.1,10.0.0.1,00:00:00:00:00:03,00:00:00:00:00:00,1,1,3,0,1,0,1,1,180,0,attack
1765795970.1043165,1,1,10.0.0.1,10.0.0.1,00:00:00:00:00:03,00:00:00:00:00:00,1,1,3,0,1,0,1,1,181,0,attack
1765795970.1054327,1,1,10.0.0.1,10.0.0.1,00:00:00:00:00:03,00:00:00:00:00:00,1,1,3,0,1,0,1,1,182,0,attack
1765795970.1065438,1,1,10.0.0.1,10.0.0.1,00:00:00:00:00:03,00:00:00:00:00:00,1,1,3,0,1,0,1,1,183,0,attack
1765795970.107583,1,1,10.0.0.1,10.0.0.1,00:00:00:00:00:03,00:00:00:00:00:00,1,1,3,0,1,0,1,1,184,0,attack
1765795970.1086016,1,1,10.0.0.1,10.0.0.1,00:00:00:00:00:03,00:00:00:00:00:00,1,1,3,0,1,0,1,1,185,0,attack
1765795970.109657,1,1,10.0.0.1,10.0.0.1,00:00:00:00:00:03,00:00:00:00:00:00,1,1,3,0,1,0,1,1,186,0,attack
1765795970.110716,1,1,10.0.0.1,10.0.0.1,00:00:00:00:00:03,00:00:00:00:00:00,1,1,3,0,1,0,1,1,187,0,attack
1765795970.1117797,1,1,10.0.0.1,10.0.0.1,00:00:00:00:00:03,00:00:00:00:00:00,1,1,3,0,1,0,1,1,188,0,attack
1765795970.112908,1,1,10.0.0.1,10.0.0.1,00:00:00:00:00:03,00:00:00:00:00:00,1,1,3,0,1,0,1,1,189,0,attack
1765795970.1140554,1,1,10.0.0.1,10.0.0.1,00:00:00:00:00:03,00:00:00:00:00:00,1,1,3,0,1,0,1,1,190,0,attack
1765795970.115197,1,1,10.0.0.1,10.0.0.1,00:00:00:00:00:03,00:00:00:00:00:00,1,1,3,0,1,0,1,1,191,0,attack
1765795970.1162424,1,1,10.0.0.1,10.0.0.1,00:00:00:00:00:03,00:00:00:00:00:00,1,1,3,0,1,0,1,1,192,0,attack
1765795970.1173122,1,1,10.0.0.1,10.0.0.1,00:00:00:00:00:03,00:00:00:00:00:00,1,1,3,0,1,0,1,1,193,0,attack
1765795970.1184118,1,1,10.0.0.1,10.0.0.1,00:00:00:00:00:03,00:00:00:00:00:00,1,1,3,0,1,0,1,1,194,0,attack
1765795970.119517,1,1,10.0.0.1,10.0.0.1,00:00:00:00:00:03,00:00:00:00:00:00,1,1,3,0,1,0,1,1,195,0,attack
1765795970.1205535,1,1,10.0.0.1,10.0.0.1,00:00:00:00:00:03,00:00:00:00:00:00,1,1,3,0,1,0,1,1,196,0,attack
1765795970.1216161,1,1,10.0.0.1,10.0.0.1,00:00:00:00:00:03,00:00:00:00:00:00,1,1,3,0,1,0,1,1,197,0,attack
1765795970.1226816,1,1,10.0.0.1,10.0.0.1,00:00:00:00:00:03,00:00:00:00:00:00,1,1,3,0,1,0,1,1,198,0,attack
1765795970.1237488,1,1,10.0.0.1,10.0.0.1,00:00:00:00:00:03,00:00:00:00:00:00,1,1,3,0,1,0,1,1,199,0,attack
1765795970.1249075,1,1,10.0.0.1,10.0.0.1,00:00:00:00:00:03,00:00:00:00:00:00,1,1,3,0,1,0,1,1,200,0,attack
1765811259.0209482,1,1,10.0.0.3,10.0.0.1,00:00:00:00:00:03,00:00:00:00:00:00,3,1,3,0,1,0,0,1,1,0,attack
1765811259.0233703,1,2,10.0.0.1,10.0.0.3,00:00:00:00:00:01,00:00:00:00:00:03,1,3,1,3,0,1,0,0,0,0,attack
1765811259.080729,1,1,10.0.0.3,10.0.0.1,00:00:00:00:00:03,00:00:00:00:00:00,3,1,3,0,1,0,0,1,2,0,attack
1765811259.0821786,1,2,10.0.0.1,10.0.0.3,00:00:00:00:00:01,00:00:00:00:00:03,1,3,1,3,0,1,0,0,0,0,attack
1765811259.1408715,1,1,10.0.0.3,10.0.0.1,00:00:00:00:00:03,00:00:00:00:00:00,3,1,3,0,1,0,0,1,3,0,attack
1765811259.1419961,1,2,10.0.0.1,10.0.0.3,00:00:00:00:00:01,00:00:00:00:00:03,1,3,1,3,0,1,0,0,0,0,attack
1765811259.2009275,1,1,10.0.0.3,10.0.0.1,00:00:00:00:00:03,00:00:00:00:00:00,3,1,3,0,1,0,0,1,4,0,attack
1765811259.2021706,1,2,10.0.0.1,10.0.0.3,00:00:00:00:00:01,00:00:00:00:00:03,1,3,1,3,0,1,0,0,0,0,attack
1765811259.2611163,1,1,10.0.0.3,10.0.0.1,00:00:00:00:00:03,00:00:00:00:00:00,3,1,3,0,1,0,0,1,5,0,attack
1765811259.2623615,1,2,10.0.0.1,10.0.0.3,00:00:00:00:00:01,00:00:00:00:00:03,1,3,1,3,0,1,0,0,0,0,attack
1765811259.3212545,1,1,10.0.0.3,10.0.0.1,00:00:00:00:00:03,00:00:00:00:00:00,3,1,3,0,1,0,0,1,6,0,attack
1765811259.32251,1,2,10.0.0.1,10.0.0.3,00:00:00:00:00:01,00:00:00:00:00:03,1,3,1,3,0,1,0,0,0,0,attack
1765811259.3822792,1,1,10.0.0.3,10.0.0.1,00:00:00:00:00:03,00:00:00:00:00:00,3,1,3,0,1,0,0,1,7,0,attack
1765811259.3839734,1,2,10.0.0.1,10.0.0.3,00:00:00:00:00:01,00:00:00:00:00:03,1,3,1,3,0,1,0,0,0,0,attack
1765811259.4416983,1,1,10.0.0.3,10.0.0.1,00:00:00:00:00:03,00:00:00:00:00:00,3,1,3,0,1,0,0,1,8,0,attack
1765811259.4428144,1,2,10.0.0.1,10.0.0.3,00:00:00:00:00:01,00:00:00:00:00:03,1,3,1,3,0,1,0,0,0,0,attack
1765811259.5018163,1,1,10.0.0.3,10.0.0.1,00:00:00:00:00:03,00:00:00:00:00:00,3,1,3,0,1,0,0,1,9,0,attack
1765811259.5031765,1,2,10.0.0.1,10.0.0.3,00:00:00:00:00:01,00:00:00:00:00:03,1,3,1,3,0,1,0,0,0,0,attack
1765811259.5619226,1,1,10.0.0.3,10.0.0.1,00:00:00:00:00:03,00:00:00:00:00:00,3,1,3,0,1,0,0,1,10,0,attack
1765811259.563303,1,2,10.0.0.1,10.0.0.3,00:00:00:00:00:01,00:00:00:00:00:03,1,3,1,3,0,1,0,0,0,0,attack
1765811259.621936,1,1,10.0.0.3,10.0.0.1,00:00:00:00:00:03,00:00:00:00:00:00,3,1,3,0,1,0,0,1,11,0,attack
1765811259.6230798,1,2,10.0.0.1,10.0.0.3,00:00:00:00:00:01,00:00:00:00:00:03,1,3,1,3,0,1,0,0,0,0,attack
1765811259.6822,1,1,10.0.0.3,10.0.0.1,00:00:00:00:00:03,00:00:00:00:00:00,3,1,3,0,1,0,0,1,12,0,attack
1765811259.683478,1,2,10.0.0.1,10.0.0.3,00:00:00:00:00:01,00:00:00:00:00:03,1,3,1,3,0,1,0,0,0,0,attack
1765811259.7425966,1,1,10.0.0.3,10.0.0.1,00:00:00:00:00:03,00:00:00:00:00:00,3,1,3,0,1,0,0,1,13,0,attack
1765811259.7437904,1,2,10.0.0.1,10.0.0.3,00:00:00:00:00:01,00:00:00:00:00:03,1,3,1,3,0,1,0,0,0,0,attack
1765811259.8025186,1,1,10.0.0.3,10.0.0.1,00:00:00:00:00:03,00:00:00:00:00:00,3,1,3,0,1,0,0,1,14,0,attack
1765811259.803644,1,2,10.0.0.1,10.0.0.3,00:00:00:00:00:01,00:00:00:00:00:03,1,3,1,3,0,1,0,0,0,0,attack
1765811259.862608,1,1,10.0.0.3,10.0.0.1,00:00:00:00:00:03,00:00:00:00:00:00,3,1,3,0,1,0,0,1,15,0,attack
1765811259.8637922,1,2,10.0.0.1,10.0.0.3,00:00:00:00:00:01,00:00:00:00:00:03,1,3,1,3,0,1,0,0,0,0,attack
1765811259.9226356,1,1,10.0.0.3,10.0.0.1,00:00:00:00:00:03,00:00:00:00:00:00,3,1,3,0,1,0,0,1,16,0,attack
1765811259.924051,1,2,10.0.0.1,10.0.0.3,00:00:00:00:00:01,00:00:00:00:00:03,1,3,1,3,0,1,0,0,0,0,attack
1765811259.9829345,1,1,10.0.0.3,10.0.0.1,00:00:00:00:00:03,00:00:00:00:00:00,3,1,3,0,1,0,0,1,17,0,attack
1765811259.9843626,1,2,10.0.0.1,10.0.0.3,00:00:00:00:00:01,00:00:00:00:00:03,1,3,1,3,0,1,0,0,0,0,attack
1765811259.9855013,1,1,10.0.0.3,10.0.0.1,00:00:00:00:00:03,00:00:00:00:00:00,3,1,3,0,1,0,0,1,18,0,attack
1765811259.986444,1,2,10.0.0.1,10.0.0.3,00:00:00:00:00:01,00:00:00:00:00:03,1,3,1,3,0,1,0,0,0,0,attack
1765811260.046148,1,1,10.0.0.3,10.0.0.1,00:00:00:00:00:03,00:00:00:00:00:00,3,1,3,0,1,0,0,1,1,0,attack
1765811260.047613,1,2,10.0.0.1,10.0.0.3,00:00:00:00:00:01,00:00:00:00:00:03,1,3,1,3,0,1,0,0,0,0,attack
1765811260.1063223,1,1,10.0.0.3,10.0.0.1,00:00:00:00:00:03,00:00:00:00:00:00,3,1,3,0,1,0,0,1,2,0,attack
1765811260.107398,1,2,10.0.0.1,10.0.0.3,00:00:00:00:00:01,00:00:00:00:00:03,1,3,1,3,0,1,0,0,0,0,attack
1765811260.1664639,1,1,10.0.0.3,10.0.0.1,00:00:00:00:00:03,00:00:00:00:00:00,3,1,3,0,1,0,0,1,3,0,attack
1765811260.1678317,1,2,10.0.0.1,10.0.0.3,00:00:00:00:00:01,00:00:00:00:00:03,1,3,1,3,0,1,0,0,0,0,attack
1765811260.226444,1,1,10.0.0.3,10.0.0.1,00:00:00:00:00:03,00:00:00:00:00:00,3,1,3,0,1,0,0,1,4,0,attack
1765811260.227479,1,2,10.0.0.1,10.0.0.3,00:00:00:00:00:01,00:00:00:00:00:03,1,3,1,3,0,1,0,0,0,0,attack
1765811260.286828,1,1,10.0.0.3,10.0.0.1,00:00:00:00:00:03,00:00:00:00:00:00,3,1,3,0,1,0,0,1,5,0,attack
1765811260.288216,1,2,10.0.0.1,10.0.0.3,00:00:00:00:00:01,00:00:00:00:00:03,1,3,1,3,0,1,0,0,0,0,attack
1765811260.3468425,1,1,10.0.0.3,10.0.0.1,00:00:00:00:00:03,00:00:00:00:00:00,3,1,3,0,1,0,0,1,6,0,attack
1765811260.348045,1,2,10.0.0.1,10.0.0.3,00:00:00:00:00:01,00:00:00:00:00:03,1,3,1,3,0,1,0,0,0,0,attack
1765811260.4065473,1,1,10.0.0.3,10.0.0.1,00:00:00:00:00:03,00:00:00:00:00:00,3,1,3,0,1,0,0,1,7,0,attack
1765811260.4071703,1,2,10.0.0.1,10.0.0.3,00:00:00:00:00:01,00:00:00:00:00:03,1,3,1,3,0,1,0,0,0,0,attack
1765811260.4671507,1,1,10.0.0.3,10.0.0.1,00:00:00:00:00:03,00:00:00:00:00:00,3,1,3,0,1,0,0,1,8,0,attack
1765811260.4684541,1,2,10.0.0.1,10.0.0.3,00:00:00:00:00:01,00:00:00:00:00:03,1,3,1,3,0,1,0,0,0,0,attack
1765811260.5276318,1,1,10.0.0.3,10.0.0.1,00:00:00:00:00:03,00:00:00:00:00:00,3,1,3,0,1,0,0,1,9,0,attack
1765811260.528916,1,2,10.0.0.1,10.0.0.3,00:00:00:00:00:01,00:00:00:00:00:03,1,3,1,3,0,1,0,0,0,0,attack
1765811260.5874438,1,1,10.0.0.3,10.0.0.1,00:00:00:00:00:03,00:00:00:00:00:00,3,1,3,0,1,0,0,1,10,0,attack
1765811260.5887513,1,2,10.0.0.1,10.0.0.3,00:00:00:00:00:01,00:00:00:00:00:03,1,3,1,3,0,1,0,0,0,0,attack
1765811260.6476138,1,1,10.0.0.3,10.0.0.1,00:00:00:00:00:03,00:00:00:00:00:00,3,1,3,0,1,0,0,1,11,0,attack
1765811260.6488018,1,2,10.0.0.1,10.0.0.3,00:00:00:00:00:01,00:00:00:00:00:03,1,3,1,3,0,1,0,0,0,0,attack
1765811260.7077918,1,1,10.0.0.3,10.0.0.1,00:00:00:00:00:03,00:00:00:00:00:00,3,1,3,0,1,0,0,1,12,0,attack
1765811260.7090971,1,2,10.0.0.1,10.0.0.3,00:00:00:00:00:01,00:00:00:00:00:03,1,3,1,3,0,1,0,0,0,0,attack
1765811260.7678792,1,1,10.0.0.3,10.0.0.1,00:00:00:00:00:03,00:00:00:00:00:00,3,1,3,0,1,0,0,1,13,0,attack
1765811260.769034,1,2,10.0.0.1,10.0.0.3,00:00:00:00:00:01,00:00:00:00:00:03,1,3,1,3,0,1,0,0,0,0,attack
1765811260.8283298,1,1,10.0.0.3,10.0.0.1,00:00:00:00:00:03,00:00:00:00:00:00,3,1,3,0,1,0,0,1,14,0,attack
1765811260.8295815,1,2,10.0.0.1,10.0.0.3,00:00:00:00:00:01,00:00:00:00:00:03,1,3,1,3,0,1,0,0,0,0,attack
1765811260.8886309,1,1,10.0.0.3,10.0.0.1,00:00:00:00:00:03,00:00:00:00:00:00,3,1,3,0,1,0,0,1,15,0,attack
1765811260.890212,1,2,10.0.0.1,10.0.0.3,00:00:00:00:00:01,00:00:00:00:00:03,1,3,1,3,0,1,0,0,0,0,attack
1765811260.9485648,1,1,10.0.0.3,10.0.0.1,00:00:00:00:00:03,00:00:00:00:00:00,3,1,3,0,1,0,0,1,16,0,attack
1765811260.9497452,1,2,10.0.0.1,10.0.0.3,00:00:00:00:00:01,00:00:00:00:00:03,1,3,1,3,0,1,0,0,0,0,attack
1765811261.008827,1,1,10.0.0.3,10.0.0.1,00:00:00:00:00:03,00:00:00:00:00:00,3,1,3,0,1,0,0,1,17,0,attack
1765811261.0103078,1,2,10.0.0.1,10.0.0.3,00:00:00:00:00:01,00:00:00:00:00:03,1,3,1,3,0,1,0,0,0,0,attack
1765811261.06897,1,1,10.0.0.3,10.0.0.1,00:00:00:00:00:03,00:00:00:00:00:00,3,1,3,0,1,0,0,1,1,0,attack
1765811261.0701575,1,2,10.0.0.1,10.0.0.3,00:00:00:00:00:01,00:00:00:00:00:03,1,3,1,3,0,1,0,0,0,0,attack
1765811261.1290333,1,1,10.0.0.3,10.0.0.1,00:00:00:00:00:03,00:00:00:00:00:00,3,1,3,0,1,0,0,1,2,0,attack
1765811261.1305792,1,2,10.0.0.1,10.0.0.3,00:00:00:00:00:01,00:00:00:00:00:03,1,3,1,3,0,1,0,0,0,0,attack
1765811261.1892202,1,1,10.0.0.3,10.0.0.1,00:00:00:00:00:03,00:00:00:00:00:00,3,1,3,0,1,0,0,1,3,0,attack
1765811261.1904135,1,2,10.0.0.1,10.0.0.3,00:00:00:00:00:01,00:00:00:00:00:03,1,3,1,3,0,1,0,0,0,0,attack
1765811261.2492478,1,1,10.0.0.3,10.0.0.1,00:00:00:00:00:03,00:00:00:00:00:00,3,1,3,0,1,0,0,1,4,0,attack
1765811261.2504506,1,2,10.0.0.1,10.0.0.3,00:00:00:00:00:01,00:00:00:00:00:03,1,3,1,3,0,1,0,0,0,0,attack
1765811261.309663,1,1,10.0.0.3,10.0.0.1,00:00:00:00:00:03,00:00:00:00:00:00,3,1,3,0,1,0,0,1,5,0,attack
1765811261.3107762,1,2,10.0.0.1,10.0.0.3,00:00:00:00:00:01,00:00:00:00:00:03,1,3,1,3,0,1,0,0,0,0,attack
1765811261.3697968,1,1,10.0.0.3,10.0.0.1,00:00:00:00:00:03,00:00:00:00:00:00,3,1,3,0,1,0,0,1,6,0,attack
1765811261.371017,1,2,10.0.0.1,10.0.0.3,00:00:00:00:00:01,00:00:00:00:00:03,1,3,1,3,0,1,0,0,0,0,attack
1765811261.4298856,1,1,10.0.0.3,10.0.0.1,00:00:00:00:00:03,00:00:00:00:00:00,3,1,3,0,1,0,0,1,7,0,attack
1765811261.4312634,1,2,10.0.0.1,10.0.0.3,00:00:00:00:00:01,00:00:00:00:00:03,1,3,1,3,0,1,0,0,0,0,attack
1765811261.4900982,1,1,10.0.0.3,10.0.0.1,00:00:00:00:00:03,00:00:00:00:00:00,3,1,3,0,1,0,0,1,8,0,attack
1765811261.4915495,1,2,10.0.0.1,10.0.0.3,00:00:00:00:00:01,00:00:00:00:00:03,1,3,1,3,0,1,0,0,0,0,attack
1765811261.5502634,1,1,10.0.0.3,10.0.0.1,00:00:00:00:00:03,00:00:00:00:00:00,3,1,3,0,1,0,0,1,9,0,attack
1765811261.5516636,1,2,10.0.0.1,10.0.0.3,00:00:00:00:00:01,00:00:00:00:00:03,1,3,1,3,0,1,0,0,0,0,attack
1765811261.6104436,1,1,10.0.0.3,10.0.0.1,00:00:00:00:00:03,00:00:00:00:00:00,3,1,3,0,1,0,0,1,10,0,attack
1765811261.6118047,1,2,10.0.0.1,10.0.0.3,00:00:00:00:00:01,00:00:00:00:00:03,1,3,1,3,0,1,0,0,0,0,attack
1765811261.6706183,1,1,10.0.0.3,10.0.0.1,00:00:00:00:00:03,00:00:00:00:00:00,3,1,3,0,1,0,0,1,11,0,attack
1765811261.6717103,1,2,10.0.0.1,10.0.0.3,00:00:00:00:00:01,00:00:00:00:00:03,1,3,1,3,0,1,0,0,0,0,attack
1765811261.7306442,1,1,10.0.0.3,10.0.0.1,00:00:00:00:00:03,00:00:00:00:00:00,3,1,3,0,1,0,0,1,12,0,attack
1765811261.7317865,1,2,10.0.0.1,10.0.0.3,00:00:00:00:00:01,00:00:00:00:00:03,1,3,1,3,0,1,0,0,0,0,attack
1765811261.7911108,1,1,10.0.0.3,10.0.0.1,00:00:00:00:00:03,00:00:00:00:00:00,3,1,3,0,1,0,0,1,13,0,attack
1765811261.79268,1,2,10.0.0.1,10.0.0.3,00:00:00:00:00:01,00:00:00:00:00:03,1,3,1,3,0,1,0,0,0,0,attack
1765811261.8511124,1,1,10.0.0.3,10.0.0.1,00:00:00:00:00:03,00:00:00:00:00:00,3,1,3,0,1,0,0,1,14,0,attack
1765811261.8525102,1,2,10.0.0.1,10.0.0.3,00:00:00:00:00:01,00:00:00:00:00:03,1,3,1,3,0,1,0,0,0,0,attack
1765811261.910861,1,1,10.0.0.3,10.0.0.1,00:00:00:00:00:03,00:00:00:00:00:00,3,1,3,0,1,0,0,1,15,0,attack
1765811261.9115274,1,2,10.0.0.1,10.0.0.3,00:00:00:00:00:01,00:00:00:00:00:03,1,3,1,3,0,1,0,0,0,0,attack
1765811280.6910107,1,1,10.0.0.3,10.0.0.1,00:00:00:00:00:03,00:00:00:00:00:00,3,1,3,0,1,0,0,1,1,0,attack
1765811280.6927383,1,2,10.0.0.1,10.0.0.3,00:00:00:00:00:01,00:00:00:00:00:03,1,3,1,3,0,1,0,0,0,0,attack
1765811280.7506418,1,1,10.0.0.3,10.0.0.1,00:00:00:00:00:03,00:00:00:00:00:00,3,1,3,0,1,0,0,1,2,0,attack
1765811280.751775,1,2,10.0.0.1,10.0.0.3,00:00:00:00:00:01,00:00:00:00:00:03,1,3,1,3,0,1,0,0,0,0,attack
1765811280.810962,1,1,10.0.0.3,10.0.0.1,00:00:00:00:00:03,00:00:00:00:00:00,3,1,3,0,1,0,0,1,3,0,attack
1765811280.8123055,1,2,10.0.0.1,10.0.0.3,00:00:00:00:00:01,00:00:00:00:00:03,1,3,1,3,0,1,0,0,0,0,attack
1765811280.8710492,1,1,10.0.0.3,10.0.0.1,00:00:00:00:00:03,00:00:00:00:00:00,3,1,3,0,1,0,0,1,4,0,attack
1765811280.8722463,1,2,10.0.0.1,10.0.0.3,00:00:00:00:00:01,00:00:00:00:00:03,1,3,1,3,0,1,0,0,0,0,attack
1765811280.930899,1,1,10.0.0.3,10.0.0.1,00:00:00:00:00:03,00:00:00:00:00:00,3,1,3,0,1,0,0,1,5,0,attack
1765811280.931889,1,2,10.0.0.1,10.0.0.3,00:00:00:00:00:01,00:00:00:00:00:03,1,3,1,3,0,1,0,0,0,0,attack
1765811280.9912941,1,1,10.0.0.3,10.0.0.1,00:00:00:00:00:03,00:00:00:00:00:00,3,1,3,0,1,0,0,1,6,0,attack
1765811280.9924524,1,2,10.0.0.1,10.0.0.3,00:00:00:00:00:01,00:00:00:00:00:03,1,3,1,3,0,1,0,0,0,0,attack
1765811281.0513196,1,1,10.0.0.3,10.0.0.1,00:00:00:00:00:03,00:00:00:00:00:00,3,1,3,0,1,0,0,1,7,0,attack
1765811281.0527465,1,2,10.0.0.1,10.0.0.3,00:00:00:00:00:01,00:00:00:00:00:03,1,3,1,3,0,1,0,0,0,0,attack
1765811281.1114514,1,1,10.0.0.3,10.0.0.1,00:00:00:00:00:03,00:00:00:00:00:00,3,1,3,0,1,0,0,1,8,0,attack
1765811281.1127687,1,2,10.0.0.1,10.0.0.3,00:00:00:00:00:01,00:00:00:00:00:03,1,3,1,3,0,1,0,0,0,0,attack
1765811281.1718504,1,1,10.0.0.3,10.0.0.1,00:00:00:00:00:03,00:00:00:00:00:00,3,1,3,0,1,0,0,1,9,0,attack
1765811281.1733575,1,2,10.0.0.1,10.0.0.3,00:00:00:00:00:01,00:00:00:00:00:03,1,3,1,3,0,1,0,0,0,0,attack
1765811281.2311726,1,1,10.0.0.3,10.0.0.1,00:00:00:00:00:03,00:00:00:00:00:00,3,1,3,0,1,0,0,1,10,0,attack
1765811281.2317445,1,2,10.0.0.1,10.0.0.3,00:00:00:00:00:01,00:00:00:00:00:03,1,3,1,3,0,1,0,0,0,0,attack
1765811281.291411,1,1,10.0.0.3,10.0.0.1,00:00:00:00:00:03,00:00:00:00:00:00,3,1,3,0,1,0,0,1,11,0,attack
1765811281.2919254,1,2,10.0.0.1,10.0.0.3,00:00:00:00:00:01,00:00:00:00:00:03,1,3,1,3,0,1,0,0,0,0,attack
1765811281.351843,1,1,10.0.0.3,10.0.0.1,00:00:00:00:00:03,00:00:00:00:00:00,3,1,3,0,1,0,0,1,12,0,attack
1765811281.353319,1,2,10.0.0.1,10.0.0.3,00:00:00:00:00:01,00:00:00:00:00:03,1,3,1,3,0,1,0,0,0,0,attack
1765811281.412366,1,1,10.0.0.3,10.0.0.1,00:00:00:00:00:03,00:00:00:00:00:00,3,1,3,0,1,0,0,1,13,0,attack
1765811281.41358,1,2,10.0.0.1,10.0.0.3,00:00:00:00:00:01,00:00:00:00:00:03,1,3,1,3,0,1,0,0,0,0,attack
1765811281.4730983,1,1,10.0.0.3,10.0.0.1,00:00:00:00:00:03,00:00:00:00:00:00,3,1,3,0,1,0,0,1,14,0,attack
1765811281.474167,1,2,10.0.0.1,10.0.0.3,00:00:00:00:00:01,00:00:00:00:00:03,1,3,1,3,0,1,0,0,0,0,attack
1765811281.5326288,1,1,10.0.0.3,10.0.0.1,00:00:00:00:00:03,00:00:00:00:00:00,3,1,3,0,1,0,0,1,15,0,attack
1765811281.5340834,1,2,10.0.0.1,10.0.0.3,00:00:00:00:00:01,00:00:00:00:00:03,1,3,1,3,0,1,0,0,0,0,attack
1765811281.5925183,1,1,10.0.0.3,10.0.0.1,00:00:00:00:00:03,00:00:00:00:00:00,3,1,3,0,1,0,0,1,16,0,attack
1765811281.5937715,1,2,10.0.0.1,10.0.0.3,00:00:00:00:00:01,00:00:00:00:00:03,1,3,1,3,0,1,0,0,0,0,attack
1765811281.652857,1,1,10.0.0.3,10.0.0.1,00:00:00:00:00:03,00:00:00:00:00:00,3,1,3,0,1,0,0,1,17,0,attack
1765811281.6543863,1,2,10.0.0.1,10.0.0.3,00:00:00:00:00:01,00:00:00:00:00:03,1,3,1,3,0,1,0,0,0,0,attack
1765811281.71315,1,1,10.0.0.3,10.0.0.1,00:00:00:00:00:03,00:00:00:00:00:00,3,1,3,0,1,0,0,1,1,0,attack
1765811281.7145734,1,2,10.0.0.1,10.0.0.3,00:00:00:00:00:01,00:00:00:00:00:03,1,3,1,3,0,1,0,0,0,0,attack
1765811281.7732365,1,1,10.0.0.3,10.0.0.1,00:00:00:00:00:03,00:00:00:00:00:00,3,1,3,0,1,0,0,1,2,0,attack
1765811281.7744033,1,2,10.0.0.1,10.0.0.3,00:00:00:00:00:01,00:00:00:00:00:03,1,3,1,3,0,1,0,0,0,0,attack
1765811281.832876,1,1,10.0.0.3,10.0.0.1,00:00:00:00:00:03,00:00:00:00:00:00,3,1,3,0,1,0,0,1,3,0,attack
1765811281.833396,1,2,10.0.0.1,10.0.0.3,00:00:00:00:00:01,00:00:00:00:00:03,1,3,1,3,0,1,0,0,0,0,attack
1765811281.893422,1,1,10.0.0.3,10.0.0.1,00:00:00:00:00:03,00:00:00:00:00:00,3,1,3,0,1,0,0,1,4,0,attack
1765811281.8945518,1,2,10.0.0.1,10.0.0.3,00:00:00:00:00:01,00:00:00:00:00:03,1,3,1,3,0,1,0,0,0,0,attack
1765811281.9535189,1,1,10.0.0.3,10.0.0.1,00:00:00:00:00:03,00:00:00:00:00:00,3,1,3,0,1,0,0,1,5,0,attack
1765811281.954687,1,2,10.0.0.1,10.0.0.3,00:00:00:00:00:01,00:00:00:00:00:03,1,3,1,3,0,1,0,0,0,0,attack
1765811282.0138094,1,1,10.0.0.3,10.0.0.1,00:00:00:00:00:03,00:00:00:00:00:00,3,1,3,0,1,0,0,1,6,0,attack
1765811282.015305,1,2,10.0.0.1,10.0.0.3,00:00:00:00:00:01,00:00:00:00:00:03,1,3,1,3,0,1,0,0,0,0,attack
1765811282.0741355,1,1,10.0.0.3,10.0.0.1,00:00:00:00:00:03,00:00:00:00:00:00,3,1,3,0,1,0,0,1,7,0,attack
1765811282.0753658,1,2,10.0.0.1,10.0.0.3,00:00:00:00:00:01,00:00:00:00:00:03,1,3,1,3,0,1,0,0,0,0,attack
1765811282.1340802,1,1,10.0.0.3,10.0.0.1,00:00:00:00:00:03,00:00:00:00:00:00,3,1,3,0,1,0,0,1,8,0,attack
1765811282.13545,1,2,10.0.0.1,10.0.0.3,00:00:00:00:00:01,00:00:00:00:00:03,1,3,1,3,0,1,0,0,0,0,attack
1765811282.1942108,1,1,10.0.0.3,10.0.0.1,00:00:00:00:00:03,00:00:00:00:00:00,3,1,3,0,1,0,0,1,9,0,attack
1765811282.1954467,1,2,10.0.0.1,10.0.0.3,00:00:00:00:00:01,00:00:00:00:00:03,1,3,1,3,0,1,0,0,0,0,attack
1765811282.2545502,1,1,10.0.0.3,10.0.0.1,00:00:00:00:00:03,00:00:00:00:00:00,3,1,3,0,1,0,0,1,10,0,attack
1765811282.2556357,1,2,10.0.0.1,10.0.0.3,00:00:00:00:00:01,00:00:00:00:00:03,1,3,1,3,0,1,0,0,0,0,attack
1765811282.3147278,1,1,10.0.0.3,10.0.0.1,00:00:00:00:00:03,00:00:00:00:00:00,3,1,3,0,1,0,0,1,11,0,attack
1765811282.3159344,1,2,10.0.0.1,10.0.0.3,00:00:00:00:00:01,00:00:00:00:00:03,1,3,1,3,0,1,0,0,0,0,attack
1765811282.375142,1,1,10.0.0.3,10.0.0.1,00:00:00:00:00:03,00:00:00:00:00:00,3,1,3,0,1,0,0,1,12,0,attack
1765811282.3769689,1,2,10.0.0.1,10.0.0.3,00:00:00:00:00:01,00:00:00:00:00:03,1,3,1,3,0,1,0,0,0,0,attack
1765811282.434665,1,1,10.0.0.3,10.0.0.1,00:00:00:00:00:03,00:00:00:00:00:00,3,1,3,0,1,0,0,1,13,0,attack
1765811282.4353638,1,2,10.0.0.1,10.0.0.3,00:00:00:00:00:01,00:00:00:00:00:03,1,3,1,3,0,1,0,0,0,0,attack
1765811282.49543,1,1,10.0.0.3,10.0.0.1,00:00:00:00:00:03,00:00:00:00:00:00,3,1,3,0,1,0,0,1,14,0,attack
1765811282.4966948,1,2,10.0.0.1,10.0.0.3,00:00:00:00:00:01,00:00:00:00:00:03,1,3,1,3,0,1,0,0,0,0,attack
1765811282.5555174,1,1,10.0.0.3,10.0.0.1,00:00:00:00:00:03,00:00:00:00:00:00,3,1,3,0,1,0,0,1,15,0,attack
1765811282.5566883,1,2,10.0.0.1,10.0.0.3,00:00:00:00:00:01,00:00:00:00:00:03,1,3,1,3,0,1,0,0,0,0,attack
1765811282.6155112,1,1,10.0.0.3,10.0.0.1,00:00:00:00:00:03,00:00:00:00:00:00,3,1,3,0,1,0,0,1,16,0,attack
1765811282.616619,1,2,10.0.0.1,10.0.0.3,00:00:00:00:00:01,00:00:00:00:00:03,1,3,1,3,0,1,0,0,0,0,attack
1765811282.6758943,1,1,10.0.0.3,10.0.0.1,00:00:00:00:00:03,00:00:00:00:00:00,3,1,3,0,1,0,0,1,17,0,attack
1765811282.6773307,1,2,10.0.0.1,10.0.0.3,00:00:00:00:00:01,00:00:00:00:00:03,1,3,1,3,0,1,0,0,0,0,attack
1765811282.7358558,1,1,10.0.0.3,10.0.0.1,00:00:00:00:00:03,00:00:00:00:00:00,3,1,3,0,1,0,0,1,1,0,attack
1765811282.7371633,1,2,10.0.0.1,10.0.0.3,00:00:00:00:00:01,00:00:00:00:00:03,1,3,1,3,0,1,0,0,0,0,attack
1765811282.795964,1,1,10.0.0.3,10.0.0.1,00:00:00:00:00:03,00:00:00:00:00:00,3,1,3,0,1,0,0,1,2,0,attack
1765811282.7975225,1,2,10.0.0.1,10.0.0.3,00:00:00:00:00:01,00:00:00:00:00:03,1,3,1,3,0,1,0,0,0,0,attack
1765811282.8557258,1,1,10.0.0.3,10.0.0.1,00:00:00:00:00:03,00:00:00:00:00:00,3,1,3,0,1,0,0,1,3,0,attack
1765811282.8564048,1,2,10.0.0.1,10.0.0.3,00:00:00:00:00:01,00:00:00:00:00:03,1,3,1,3,0,1,0,0,0,0,attack
1765811282.9158947,1,1,10.0.0.3,10.0.0.1,00:00:00:00:00:03,00:00:00:00:00:00,3,1,3,0,1,0,0,1,4,0,attack
1765811282.9172835,1,2,10.0.0.1,10.0.0.3,00:00:00:00:00:01,00:00:00:00:00:03,1,3,1,3,0,1,0,0,0,0,attack
1765811282.9759765,1,1,10.0.0.3,10.0.0.1,00:00:00:00:00:03,00:00:00:00:00:00,3,1,3,0,1,0,0,1,5,0,attack
1765811282.9766927,1,2,10.0.0.1,10.0.0.3,00:00:00:00:00:01,00:00:00:00:00:03,1,3,1,3,0,1,0,0,0,0,attack
1765811283.0366542,1,1,10.0.0.3,10.0.0.1,00:00:00:00:00:03,00:00:00:00:00:00,3,1,3,0,1,0,0,1,6,0,attack
1765811283.03801,1,2,10.0.0.1,10.0.0.3,00:00:00:00:00:01,00:00:00:00:00:03,1,3,1,3,0,1,0,0,0,0,attack
1765811283.0966592,1,1,10.0.0.3,10.0.0.1,00:00:00:00:00:03,00:00:00:00:00:00,3,1,3,0,1,0,0,1,7,0,attack
1765811283.097726,1,2,10.0.0.1,10.0.0.3,00:00:00:00:00:01,00:00:00:00:00:03,1,3,1,3,0,1,0,0,0,0,attack
1765811283.156921,1,1,10.0.0.3,10.0.0.1,00:00:00:00:00:03,00:00:00:00:00:00,3,1,3,0,1,0,0,1,8,0,attack
1765811283.1582844,1,2,10.0.0.1,10.0.0.3,00:00:00:00:00:01,00:00:00:00:00:03,1,3,1,3,0,1,0,0,0,0,attack
1765811283.2171106,1,1,10.0.0.3,10.0.0.1,00:00:00:00:00:03,00:00:00:00:00:00,3,1,3,0,1,0,0,1,9,0,attack
1765811283.2185452,1,2,10.0.0.1,10.0.0.3,00:00:00:00:00:01,00:00:00:00:00:03,1,3,1,3,0,1,0,0,0,0,attack
1765811283.2770722,1,1,10.0.0.3,10.0.0.1,00:00:00:00:00:03,00:00:00:00:00:00,3,1,3,0,1,0,0,1,10,0,attack
1765811283.2784226,1,2,10.0.0.1,10.0.0.3,00:00:00:00:00:01,00:00:00:00:00:03,1,3,1,3,0,1,0,0,0,0,attack
1765811283.3376377,1,1,10.0.0.3,10.0.0.1,00:00:00:00:00:03,00:00:00:00:00:00,3,1,3,0,1,0,0,1,11,0,attack
1765811283.3389454,1,2,10.0.0.1,10.0.0.3,00:00:00:00:00:01,00:00:00:00:00:03,1,3,1,3,0,1,0,0,0,0,attack
1765811283.3976455,1,1,10.0.0.3,10.0.0.1,00:00:00:00:00:03,00:00:00:00:00:00,3,1,3,0,1,0,0,1,12,0,attack
1765811283.3987563,1,2,10.0.0.1,10.0.0.3,00:00:00:00:00:01,00:00:00:00:00:03,1,3,1,3,0,1,0,0,0,0,attack
1765811283.4574835,1,1,10.0.0.3,10.0.0.1,00:00:00:00:00:03,00:00:00:00:00:00,3,1,3,0,1,0,0,1,13,0,attack
1765811283.4586957,1,2,10.0.0.1,10.0.0.3,00:00:00:00:00:01,00:00:00:00:00:03,1,3,1,3,0,1,0,0,0,0,attack
1765811283.5179148,1,1,10.0.0.3,10.0.0.1,00:00:00:00:00:03,00:00:00:00:00:00,3,1,3,0,1,0,0,1,14,0,attack
1765811283.5192208,1,2,10.0.0.1,10.0.0.3,00:00:00:00:00:01,00:00:00:00:00:03,1,3,1,3,0,1,0,0,0,0,attack
1765811283.5772064,1,1,10.0.0.3,10.0.0.1,00:00:00:00:00:03,00:00:00:00:00:00,3,1,3,0,1,0,0,1,15,0,attack
1765811283.5776997,1,2,10.0.0.1,10.0.0.3,00:00:00:00:00:01,00:00:00:00:00:03,1,3,1,3,0,1,0,0,0,0,attack
1765811283.6379433,1,1,10.0.0.3,10.0.0.1,00:00:00:00:00:03,00:00:00:00:00:00,3,1,3,0,1,0,0,1,16,0,attack
1765811283.6392055,1,2,10.0.0.1,10.0.0.3,00:00:00:00:00:01,00:00:00:00:00:03,1,3,1,3,0,1,0,0,0,0,attack
1765811284.8835626,1,1,10.0.0.3,10.0.0.1,00:00:00:00:00:03,00:00:00:00:00:00,3,1,3,0,1,0,0,1,1,0,attack
1765811284.88414,1,2,10.0.0.1,10.0.0.3,00:00:00:00:00:01,00:00:00:00:00:03,1,3,1,3,0,1,0,0,0,0,attack
1765811284.9438272,1,1,10.0.0.3,10.0.0.1,00:00:00:00:00:03,00:00:00:00:00:00,3,1,3,0,1,0,0,1,2,0,attack
1765811284.9443288,1,2,10.0.0.1,10.0.0.3,00:00:00:00:00:01,00:00:00:00:00:03,1,3,1,3,0,1,0,0,0,0,attack
1765811285.0044749,1,1,10.0.0.3,10.0.0.1,00:00:00:00:00:03,00:00:00:00:00:00,3,1,3,0,1,0,0,1,3,0,attack
1765811285.0058413,1,2,10.0.0.1,10.0.0.3,00:00:00:00:00:01,00:00:00:00:00:03,1,3,1,3,0,1,0,0,0,0,attack
1765811285.0645897,1,1,10.0.0.3,10.0.0.1,00:00:00:00:00:03,00:00:00:00:00:00,3,1,3,0,1,0,0,1,4,0,attack
1765811285.0658422,1,2,10.0.0.1,10.0.0.3,00:00:00:00:00:01,00:00:00:00:00:03,1,3,1,3,0,1,0,0,0,0,attack
1765811285.1246665,1,1,10.0.0.3,10.0.0.1,00:00:00:00:00:03,00:00:00:00:00:00,3,1,3,0,1,0,0,1,5,0,attack
1765811285.1259415,1,2,10.0.0.1,10.0.0.3,00:00:00:00:00:01,00:00:00:00:00:03,1,3,1,3,0,1,0,0,0,0,attack
1765811285.1847873,1,1,10.0.0.3,10.0.0.1,00:00:00:00:00:03,00:00:00:00:00:00,3,1,3,0,1,0,0,1,6,0,attack
1765811285.1860542,1,2,10.0.0.1,10.0.0.3,00:00:00:00:00:01,00:00:00:00:00:03,1,3,1,3,0,1,0,0,0,0,attack
1765811285.244952,1,1,10.0.0.3,10.0.0.1,00:00:00:00:00:03,00:00:00:00:00:00,3,1,3,0,1,0,0,1,7,0,attack
1765811285.2468038,1,2,10.0.0.1,10.0.0.3,00:00:00:00:00:01,00:00:00:00:00:03,1,3,1,3,0,1,0,0,0,0,attack
1765811285.3052003,1,1,10.0.0.3,10.0.0.1,00:00:00:00:00:03,00:00:00:00:00:00,3,1,3,0,1,0,0,1,8,0,attack
1765811285.3065436,1,2,10.0.0.1,10.0.0.3,00:00:00:00:00:01,00:00:00:00:00:03,1,3,1,3,0,1,0,0,0,0,attack
1765811285.3650885,1,1,10.0.0.3,10.0.0.1,00:00:00:00:00:03,00:00:00:00:00:00,3,1,3,0,1,0,0,1,9,0,attack
1765811285.366257,1,2,10.0.0.1,10.0.0.3,00:00:00:00:00:01,00:00:00:00:00:03,1,3,1,3,0,1,0,0,0,0,attack
1765811285.4255323,1,1,10.0.0.3,10.0.0.1,00:00:00:00:00:03,00:00:00:00:00:00,3,1,3,0,1,0,0,1,10,0,attack
1765811285.4268055,1,2,10.0.0.1,10.0.0.3,00:00:00:00:00:01,00:00:00:00:00:03,1,3,1,3,0,1,0,0,0,0,attack
1765811285.485457,1,1,10.0.0.3,10.0.0.1,00:00:00:00:00:03,00:00:00:00:00:00,3,1,3,0,1,0,0,1,11,0,attack
1765811285.4865873,1,2,10.0.0.1,10.0.0.3,00:00:00:00:00:01,00:00:00:00:00:03,1,3,1,3,0,1,0,0,0,0,attack
1765811285.5456579,1,1,10.0.0.3,10.0.0.1,00:00:00:00:00:03,00:00:00:00:00:00,3,1,3,0,1,0,0,1,12,0,attack
1765811285.5467978,1,2,10.0.0.1,10.0.0.3,00:00:00:00:00:01,00:00:00:00:00:03,1,3,1,3,0,1,0,0,0,0,attack
1765811285.6060793,1,1,10.0.0.3,10.0.0.1,00:00:00:00:00:03,00:00:00:00:00:00,3,1,3,0,1,0,0,1,13,0,attack
1765811285.6074672,1,2,10.0.0.1,10.0.0.3,00:00:00:00:00:01,00:00:00:00:00:03,1,3,1,3,0,1,0,0,0,0,attack
1765811285.66599,1,1,10.0.0.3,10.0.0.1,00:00:00:00:00:03,00:00:00:00:00:00,3,1,3,0,1,0,0,1,14,0,attack
1765811285.6673021,1,2,10.0.0.1,10.0.0.3,00:00:00:00:00:01,00:00:00:00:00:03,1,3,1,3,0,1,0,0,0,0,attack
1765811285.7263799,1,1,10.0.0.3,10.0.0.1,00:00:00:00:00:03,00:00:00:00:00:00,3,1,3,0,1,0,0,1,15,0,attack
1765811285.7278976,1,2,10.0.0.1,10.0.0.3,00:00:00:00:00:01,00:00:00:00:00:03,1,3,1,3,0,1,0,0,0,0,attack
1765811285.786638,1,1,10.0.0.3,10.0.0.1,00:00:00:00:00:03,00:00:00:00:00:00,3,1,3,0,1,0,0,1,16,0,attack
1765811285.7878795,1,2,10.0.0.1,10.0.0.3,00:00:00:00:00:01,00:00:00:00:00:03,1,3,1,3,0,1,0,0,0,0,attack
1765811285.8467638,1,1,10.0.0.3,10.0.0.1,00:00:00:00:00:03,00:00:00:00:00:00,3,1,3,0,1,0,0,1,17,0,attack
1765811285.8479044,1,2,10.0.0.1,10.0.0.3,00:00:00:00:00:01,00:00:00:00:00:03,1,3,1,3,0,1,0,0,0,0,attack
1765811285.9071507,1,1,10.0.0.3,10.0.0.1,00:00:00:00:00:03,00:00:00:00:00:00,3,1,3,0,1,0,0,1,1,0,attack
1765811285.9087589,1,2,10.0.0.1,10.0.0.3,00:00:00:00:00:01,00:00:00:00:00:03,1,3,1,3,0,1,0,0,0,0,attack
1765811285.9669352,1,1,10.0.0.3,10.0.0.1,00:00:00:00:00:03,00:00:00:00:00:00,3,1,3,0,1,0,0,1,2,0,attack
1765811285.9680343,1,2,10.0.0.1,10.0.0.3,00:00:00:00:00:01,00:00:00:00:00:03,1,3,1,3,0,1,0,0,0,0,attack
1765811286.0271971,1,1,10.0.0.3,10.0.0.1,00:00:00:00:00:03,00:00:00:00:00:00,3,1,3,0,1,0,0,1,3,0,attack
1765811286.0285256,1,2,10.0.0.1,10.0.0.3,00:00:00:00:00:01,00:00:00:00:00:03,1,3,1,3,0,1,0,0,0,0,attack
1765811286.0873253,1,1,10.0.0.3,10.0.0.1,00:00:00:00:00:03,00:00:00:00:00:00,3,1,3,0,1,0,0,1,4,0,attack
1765811286.0885978,1,2,10.0.0.1,10.0.0.3,00:00:00:00:00:01,00:00:00:00:00:03,1,3,1,3,0,1,0,0,0,0,attack
1765811286.1475027,1,1,10.0.0.3,10.0.0.1,00:00:00:00:00:03,00:00:00:00:00:00,3,1,3,0,1,0,0,1,5,0,attack
1765811286.148669,1,2,10.0.0.1,10.0.0.3,00:00:00:00:00:01,00:00:00:00:00:03,1,3,1,3,0,1,0,0,0,0,attack
1765811286.2077565,1,1,10.0.0.3,10.0.0.1,00:00:00:00:00:03,00:00:00:00:00:00,3,1,3,0,1,0,0,1,6,0,attack
1765811286.2094476,1,2,10.0.0.1,10.0.0.3,00:00:00:00:00:01,00:00:00:00:00:03,1,3,1,3,0,1,0,0,0,0,attack
1765811286.2679818,1,1,10.0.0.3,10.0.0.1,00:00:00:00:00:03,00:00:00:00:00:00,3,1,3,0,1,0,0,1,7,0,attack
1765811286.2690153,1,2,10.0.0.1,10.0.0.3,00:00:00:00:00:01,00:00:00:00:00:03,1,3,1,3,0,1,0,0,0,0,attack
1765811286.3282628,1,1,10.0.0.3,10.0.0.1,00:00:00:00:00:03,00:00:00:00:00:00,3,1,3,0,1,0,0,1,8,0,attack
1765811286.3296008,1,2,10.0.0.1,10.0.0.3,00:00:00:00:00:01,00:00:00:00:00:03,1,3,1,3,0,1,0,0,0,0,attack
1765811286.3885024,1,1,10.0.0.3,10.0.0.1,00:00:00:00:00:03,00:00:00:00:00:00,3,1,3,0,1,0,0,1,9,0,attack
1765811286.3898132,1,2,10.0.0.1,10.0.0.3,00:00:00:00:00:01,00:00:00:00:00:03,1,3,1,3,0,1,0,0,0,0,attack
1765811286.4478843,1,1,10.0.0.3,10.0.0.1,00:00:00:00:00:03,00:00:00:00:00:00,3,1,3,0,1,0,0,1,10,0,attack
1765811286.4485998,1,2,10.0.0.1,10.0.0.3,00:00:00:00:00:01,00:00:00:00:00:03,1,3,1,3,0,1,0,0,0,0,attack
1765811286.5087247,1,1,10.0.0.3,10.0.0.1,00:00:00:00:00:03,00:00:00:00:00:00,3,1,3,0,1,0,0,1,11,0,attack
1765811286.509819,1,2,10.0.0.1,10.0.0.3,00:00:00:00:00:01,00:00:00:00:00:03,1,3,1,3,0,1,0,0,0,0,attack
1765811286.5689006,1,1,10.0.0.3,10.0.0.1,00:00:00:00:00:03,00:00:00:00:00:00,3,1,3,0,1,0,0,1,12,0,attack
1765811286.570253,1,2,10.0.0.1,10.0.0.3,00:00:00:00:00:01,00:00:00:00:00:03,1,3,1,3,0,1,0,0,0,0,attack
1765811286.6290908,1,1,10.0.0.3,10.0.0.1,00:00:00:00:00:03,00:00:00:00:00:00,3,1,3,0,1,0,0,1,13,0,attack
1765811286.630413,1,2,10.0.0.1,10.0.0.3,00:00:00:00:00:01,00:00:00:00:00:03,1,3,1,3,0,1,0,0,0,0,attack
1765811286.6890805,1,1,10.0.0.3,10.0.0.1,00:00:00:00:00:03,00:00:00:00:00:00,3,1,3,0,1,0,0,1,14,0,attack
1765811286.6901996,1,2,10.0.0.1,10.0.0.3,00:00:00:00:00:01,00:00:00:00:00:03,1,3,1,3,0,1,0,0,0,0,attack
1765811286.7494042,1,1,10.0.0.3,10.0.0.1,00:00:00:00:00:03,00:00:00:00:00:00,3,1,3,0,1,0,0,1,15,0,attack
1765811286.7509916,1,2,10.0.0.1,10.0.0.3,00:00:00:00:00:01,00:00:00:00:00:03,1,3,1,3,0,1,0,0,0,0,attack
1765811286.8094594,1,1,10.0.0.3,10.0.0.1,00:00:00:00:00:03,00:00:00:00:00:00,3,1,3,0,1,0,0,1,16,0,attack
1765811286.8108068,1,2,10.0.0.1,10.0.0.3,00:00:00:00:00:01,00:00:00:00:00:03,1,3,1,3,0,1,0,0,0,0,attack
1765811286.8696022,1,1,10.0.0.3,10.0.0.1,00:00:00:00:00:03,00:00:00:00:00:00,3,1,3,0,1,0,0,1,17,0,attack
1765811286.8708181,1,2,10.0.0.1,10.0.0.3,00:00:00:00:00:01,00:00:00:00:00:03,1,3,1,3,0,1,0,0,0,0,attack
1765811286.9297142,1,1,10.0.0.3,10.0.0.1,00:00:00:00:00:03,00:00:00:00:00:00,3,1,3,0,1,0,0,1,1,0,attack
1765811286.9314516,1,2,10.0.0.1,10.0.0.3,00:00:00:00:00:01,00:00:00:00:00:03,1,3,1,3,0,1,0,0,0,0,attack
1765811286.9899468,1,1,10.0.0.3,10.0.0.1,00:00:00:00:00:03,00:00:00:00:00:00,3,1,3,0,1,0,0,1,2,0,attack
1765811286.991441,1,2,10.0.0.1,10.0.0.3,00:00:00:00:00:01,00:00:00:00:00:03,1,3,1,3,0,1,0,0,0,0,attack
1765811287.0500576,1,1,10.0.0.3,10.0.0.1,00:00:00:00:00:03,00:00:00:00:00:00,3,1,3,0,1,0,0,1,3,0,attack
1765811287.051291,1,2,10.0.0.1,10.0.0.3,00:00:00:00:00:01,00:00:00:00:00:03,1,3,1,3,0,1,0,0,0,0,attack
1765811287.110201,1,1,10.0.0.3,10.0.0.1,00:00:00:00:00:03,00:00:00:00:00:00,3,1,3,0,1,0,0,1,4,0,attack
1765811287.1113229,1,2,10.0.0.1,10.0.0.3,00:00:00:00:00:01,00:00:00:00:00:03,1,3,1,3,0,1,0,0,0,0,attack
1765811287.1703255,1,1,10.0.0.3,10.0.0.1,00:00:00:00:00:03,00:00:00:00:00:00,3,1,3,0,1,0,0,1,5,0,attack
1765811287.171522,1,2,10.0.0.1,10.0.0.3,00:00:00:00:00:01,00:00:00:00:00:03,1,3,1,3,0,1,0,0,0,0,attack
1765811287.230393,1,1,10.0.0.3,10.0.0.1,00:00:00:00:00:03,00:00:00:00:00:00,3,1,3,0,1,0,0,1,6,0,attack
1765811287.231719,1,2,10.0.0.1,10.0.0.3,00:00:00:00:00:01,00:00:00:00:00:03,1,3,1,3,0,1,0,0,0,0,attack
1765811287.290668,1,1,10.0.0.3,10.0.0.1,00:00:00:00:00:03,00:00:00:00:00:00,3,1,3,0,1,0,0,1,7,0,attack
1765811287.2918305,1,2,10.0.0.1,10.0.0.3,00:00:00:00:00:01,00:00:00:00:00:03,1,3,1,3,0,1,0,0,0,0,attack
1765811287.3507082,1,1,10.0.0.3,10.0.0.1,00:00:00:00:00:03,00:00:00:00:00:00,3,1,3,0,1,0,0,1,8,0,attack
1765811287.3519578,1,2,10.0.0.1,10.0.0.3,00:00:00:00:00:01,00:00:00:00:00:03,1,3,1,3,0,1,0,0,0,0,attack
1765811287.411035,1,1,10.0.0.3,10.0.0.1,00:00:00:00:00:03,00:00:00:00:00:00,3,1,3,0,1,0,0,1,9,0,attack
1765811287.4125657,1,2,10.0.0.1,10.0.0.3,00:00:00:00:00:01,00:00:00:00:00:03,1,3,1,3,0,1,0,0,0,0,attack
1765811287.4709582,1,1,10.0.0.3,10.0.0.1,00:00:00:00:00:03,00:00:00:00:00:00,3,1,3,0,1,0,0,1,10,0,attack
1765811287.47242,1,2,10.0.0.1,10.0.0.3,00:00:00:00:00:01,00:00:00:00:00:03,1,3,1,3,0,1,0,0,0,0,attack
1765811287.5311272,1,1,10.0.0.3,10.0.0.1,00:00:00:00:00:03,00:00:00:00:00:00,3,1,3,0,1,0,0,1,11,0,attack
1765811287.5326595,1,2,10.0.0.1,10.0.0.3,00:00:00:00:00:01,00:00:00:00:00:03,1,3,1,3,0,1,0,0,0,0,attack
1765811287.591402,1,1,10.0.0.3,10.0.0.1,00:00:00:00:00:03,00:00:00:00:00:00,3,1,3,0,1,0,0,1,12,0,attack
1765811287.5925882,1,2,10.0.0.1,10.0.0.3,00:00:00:00:00:01,00:00:00:00:00:03,1,3,1,3,0,1,0,0,0,0,attack
1765811287.651762,1,1,10.0.0.3,10.0.0.1,00:00:00:00:00:03,00:00:00:00:00:00,3,1,3,0,1,0,0,1,13,0,attack
1765811287.6529446,1,2,10.0.0.1,10.0.0.3,00:00:00:00:00:01,00:00:00:00:00:03,1,3,1,3,0,1,0,0,0,0,attack
1765811287.7119129,1,1,10.0.0.3,10.0.0.1,00:00:00:00:00:03,00:00:00:00:00:00,3,1,3,0,1,0,0,1,14,0,attack
1765811287.713245,1,2,10.0.0.1,10.0.0.3,00:00:00:00:00:01,00:00:00:00:00:03,1,3,1,3,0,1,0,0,0,0,attack
1765811287.7719257,1,1,10.0.0.3,10.0.0.1,00:00:00:00:00:03,00:00:00:00:00:00,3,1,3,0,1,0,0,1,15,0,attack
1765811287.7730012,1,2,10.0.0.1,10.0.0.3,00:00:00:00:00:01,00:00:00:00:00:03,1,3,1,3,0,1,0,0,0,0,attack
1765811287.8321161,1,1,10.0.0.3,10.0.0.1,00:00:00:00:00:03,00:00:00:00:00:00,3,1,3,0,1,0,0,1,16,0,attack
1765811287.83348,1,2,10.0.0.1,10.0.0.3,00:00:00:00:00:01,00:00:00:00:00:03,1,3,1,3,0,1,0,0,0,0,attack
1765811292.1398718,1,1,10.0.0.3,10.0.0.1,00:00:00:00:00:03,00:00:00:00:00:00,3,1,3,0,1,0,0,1,1,0,attack
1765811292.140803,1,2,10.0.0.1,10.0.0.3,00:00:00:00:00:01,00:00:00:00:00:03,1,3,1,3,0,1,0,0,0,0,attack
1765811292.2007601,1,1,10.0.0.3,10.0.0.1,00:00:00:00:00:03,00:00:00:00:00:00,3,1,3,0,1,0,0,1,2,0,attack
1765811292.2021024,1,2,10.0.0.1,10.0.0.3,00:00:00:00:00:01,00:00:00:00:00:03,1,3,1,3,0,1,0,0,0,0,attack
1765811292.2608612,1,1,10.0.0.3,10.0.0.1,00:00:00:00:00:03,00:00:00:00:00:00,3,1,3,0,1,0,0,1,3,0,attack
1765811292.262362,1,2,10.0.0.1,10.0.0.3,00:00:00:00:00:01,00:00:00:00:00:03,1,3,1,3,0,1,0,0,0,0,attack
1765811292.3209193,1,1,10.0.0.3,10.0.0.1,00:00:00:00:00:03,00:00:00:00:00:00,3,1,3,0,1,0,0,1,4,0,attack
1765811292.3219767,1,2,10.0.0.1,10.0.0.3,00:00:00:00:00:01,00:00:00:00:00:03,1,3,1,3,0,1,0,0,0,0,attack
1765811292.3812075,1,1,10.0.0.3,10.0.0.1,00:00:00:00:00:03,00:00:00:00:00:00,3,1,3,0,1,0,0,1,5,0,attack
1765811292.3826704,1,2,10.0.0.1,10.0.0.3,00:00:00:00:00:01,00:00:00:00:00:03,1,3,1,3,0,1,0,0,0,0,attack
1765811292.4419334,1,1,10.0.0.3,10.0.0.1,00:00:00:00:00:03,00:00:00:00:00:00,3,1,3,0,1,0,0,1,6,0,attack
1765811292.443733,1,2,10.0.0.1,10.0.0.3,00:00:00:00:00:01,00:00:00:00:00:03,1,3,1,3,0,1,0,0,0,0,attack
1765811292.5014153,1,1,10.0.0.3,10.0.0.1,00:00:00:00:00:03,00:00:00:00:00:00,3,1,3,0,1,0,0,1,7,0,attack
1765811292.5024817,1,2,10.0.0.1,10.0.0.3,00:00:00:00:00:01,00:00:00:00:00:03,1,3,1,3,0,1,0,0,0,0,attack
1765811292.5618587,1,1,10.0.0.3,10.0.0.1,00:00:00:00:00:03,00:00:00:00:00:00,3,1,3,0,1,0,0,1,8,0,attack
1765811292.5631886,1,2,10.0.0.1,10.0.0.3,00:00:00:00:00:01,00:00:00:00:00:03,1,3,1,3,0,1,0,0,0,0,attack
1765811292.6220932,1,1,10.0.0.3,10.0.0.1,00:00:00:00:00:03,00:00:00:00:00:00,3,1,3,0,1,0,0,1,9,0,attack
1765811292.6234944,1,2,10.0.0.1,10.0.0.3,00:00:00:00:00:01,00:00:00:00:00:03,1,3,1,3,0,1,0,0,0,0,attack
1765811292.6821108,1,1,10.0.0.3,10.0.0.1,00:00:00:00:00:03,00:00:00:00:00:00,3,1,3,0,1,0,0,1,10,0,attack
1765811292.6836472,1,2,10.0.0.1,10.0.0.3,00:00:00:00:00:01,00:00:00:00:00:03,1,3,1,3,0,1,0,0,0,0,attack
1765811292.7423196,1,1,10.0.0.3,10.0.0.1,00:00:00:00:00:03,00:00:00:00:00:00,3,1,3,0,1,0,0,1,11,0,attack
1765811292.7436779,1,2,10.0.0.1,10.0.0.3,00:00:00:00:00:01,00:00:00:00:00:03,1,3,1,3,0,1,0,0,0,0,attack
1765811292.8025208,1,1,10.0.0.3,10.0.0.1,00:00:00:00:00:03,00:00:00:00:00:00,3,1,3,0,1,0,0,1,12,0,attack
1765811292.8038428,1,2,10.0.0.1,10.0.0.3,00:00:00:00:00:01,00:00:00:00:00:03,1,3,1,3,0,1,0,0,0,0,attack
1765811292.8627086,1,1,10.0.0.3,10.0.0.1,00:00:00:00:00:03,00:00:00:00:00:00,3,1,3,0,1,0,0,1,13,0,attack
1765811292.864014,1,2,10.0.0.1,10.0.0.3,00:00:00:00:00:01,00:00:00:00:00:03,1,3,1,3,0,1,0,0,0,0,attack
1765811292.9229147,1,1,10.0.0.3,10.0.0.1,00:00:00:00:00:03,00:00:00:00:00:00,3,1,3,0,1,0,0,1,14,0,attack
1765811292.9240615,1,2,10.0.0.1,10.0.0.3,00:00:00:00:00:01,00:00:00:00:00:03,1,3,1,3,0,1,0,0,0,0,attack
1765811292.9831047,1,1,10.0.0.3,10.0.0.1,00:00:00:00:00:03,00:00:00:00:00:00,3,1,3,0,1,0,0,1,15,0,attack
1765811292.9844916,1,2,10.0.0.1,10.0.0.3,00:00:00:00:00:01,00:00:00:00:00:03,1,3,1,3,0,1,0,0,0,0,attack
1765811292.985586,1,1,10.0.0.3,10.0.0.1,00:00:00:00:00:03,00:00:00:00:00:00,3,1,3,0,1,0,0,1,16,0,attack
1765811292.986587,1,2,10.0.0.1,10.0.0.3,00:00:00:00:00:01,00:00:00:00:00:03,1,3,1,3,0,1,0,0,0,0,attack
1765811293.045866,1,1,10.0.0.3,10.0.0.1,00:00:00:00:00:03,00:00:00:00:00:00,3,1,3,0,1,0,0,1,17,0,attack
1765811293.0471358,1,2,10.0.0.1,10.0.0.3,00:00:00:00:00:01,00:00:00:00:00:03,1,3,1,3,0,1,0,0,0,0,attack
1765811293.1064653,1,1,10.0.0.3,10.0.0.1,00:00:00:00:00:03,00:00:00:00:00:00,3,1,3,0,1,0,0,1,18,0,attack
1765811293.107776,1,2,10.0.0.1,10.0.0.3,00:00:00:00:00:01,00:00:00:00:00:03,1,3,1,3,0,1,0,0,0,0,attack
1765811293.1665752,1,1,10.0.0.3,10.0.0.1,00:00:00:00:00:03,00:00:00:00:00:00,3,1,3,0,1,0,0,1,1,0,attack
1765811293.1678681,1,2,10.0.0.1,10.0.0.3,00:00:00:00:00:01,00:00:00:00:00:03,1,3,1,3,0,1,0,0,0,0,attack
1765811293.2266014,1,1,10.0.0.3,10.0.0.1,00:00:00:00:00:03,00:00:00:00:00:00,3,1,3,0,1,0,0,1,2,0,attack
1765811293.2279317,1,2,10.0.0.1,10.0.0.3,00:00:00:00:00:01,00:00:00:00:00:03,1,3,1,3,0,1,0,0,0,0,attack
1765811293.2868257,1,1,10.0.0.3,10.0.0.1,00:00:00:00:00:03,00:00:00:00:00:00,3,1,3,0,1,0,0,1,3,0,attack
1765811293.2883222,1,2,10.0.0.1,10.0.0.3,00:00:00:00:00:01,00:00:00:00:00:03,1,3,1,3,0,1,0,0,0,0,attack
1765811293.3464797,1,1,10.0.0.3,10.0.0.1,00:00:00:00:00:03,00:00:00:00:00:00,3,1,3,0,1,0,0,1,4,0,attack
1765811293.3470056,1,2,10.0.0.1,10.0.0.3,00:00:00:00:00:01,00:00:00:00:00:03,1,3,1,3,0,1,0,0,0,0,attack
1765811293.407059,1,1,10.0.0.3,10.0.0.1,00:00:00:00:00:03,00:00:00:00:00:00,3,1,3,0,1,0,0,1,5,0,attack
1765811293.4083078,1,2,10.0.0.1,10.0.0.3,00:00:00:00:00:01,00:00:00:00:00:03,1,3,1,3,0,1,0,0,0,0,attack
1765811293.4681559,1,1,10.0.0.3,10.0.0.1,00:00:00:00:00:03,00:00:00:00:00:00,3,1,3,0,1,0,0,1,6,0,attack
1765811293.4697597,1,2,10.0.0.1,10.0.0.3,00:00:00:00:00:01,00:00:00:00:00:03,1,3,1,3,0,1,0,0,0,0,attack
1765811293.5274472,1,1,10.0.0.3,10.0.0.1,00:00:00:00:00:03,00:00:00:00:00:00,3,1,3,0,1,0,0,1,7,0,attack
1765811293.5286863,1,2,10.0.0.1,10.0.0.3,00:00:00:00:00:01,00:00:00:00:00:03,1,3,1,3,0,1,0,0,0,0,attack
1765811293.5877705,1,1,10.0.0.3,10.0.0.1,00:00:00:00:00:03,00:00:00:00:00:00,3,1,3,0,1,0,0,1,8,0,attack
1765811293.5892944,1,2,10.0.0.1,10.0.0.3,00:00:00:00:00:01,00:00:00:00:00:03,1,3,1,3,0,1,0,0,0,0,attack
1765811293.647804,1,1,10.0.0.3,10.0.0.1,00:00:00:00:00:03,00:00:00:00:00:00,3,1,3,0,1,0,0,1,9,0,attack
1765811293.648948,1,2,10.0.0.1,10.0.0.3,00:00:00:00:00:01,00:00:00:00:00:03,1,3,1,3,0,1,0,0,0,0,attack
1765811293.7080758,1,1,10.0.0.3,10.0.0.1,00:00:00:00:00:03,00:00:00:00:00:00,3,1,3,0,1,0,0,1,10,0,attack
1765811293.7094526,1,2,10.0.0.1,10.0.0.3,00:00:00:00:00:01,00:00:00:00:00:03,1,3,1,3,0,1,0,0,0,0,attack
1765811293.7682998,1,1,10.0.0.3,10.0.0.1,00:00:00:00:00:03,00:00:00:00:00:00,3,1,3,0,1,0,0,1,11,0,attack
1765811293.7697477,1,2,10.0.0.1,10.0.0.3,00:00:00:00:00:01,00:00:00:00:00:03,1,3,1,3,0,1,0,0,0,0,attack
1765811293.8281367,1,1,10.0.0.3,10.0.0.1,00:00:00:00:00:03,00:00:00:00:00:00,3,1,3,0,1,0,0,1,12,0,attack
1765811293.829085,1,2,10.0.0.1,10.0.0.3,00:00:00:00:00:01,00:00:00:00:00:03,1,3,1,3,0,1,0,0,0,0,attack
1765811293.8882859,1,1,10.0.0.3,10.0.0.1,00:00:00:00:00:03,00:00:00:00:00:00,3,1,3,0,1,0,0,1,13,0,attack
1765811293.8893943,1,2,10.0.0.1,10.0.0.3,00:00:00:00:00:01,00:00:00:00:00:03,1,3,1,3,0,1,0,0,0,0,attack
1765811293.9484205,1,1,10.0.0.3,10.0.0.1,00:00:00:00:00:03,00:00:00:00:00:00,3,1,3,0,1,0,0,1,14,0,attack
1765811293.9498434,1,2,10.0.0.1,10.0.0.3,00:00:00:00:00:01,00:00:00:00:00:03,1,3,1,3,0,1,0,0,0,0,attack
1765811294.008952,1,1,10.0.0.3,10.0.0.1,00:00:00:00:00:03,00:00:00:00:00:00,3,1,3,0,1,0,0,1,15,0,attack
1765811294.0102792,1,2,10.0.0.1,10.0.0.3,00:00:00:00:00:01,00:00:00:00:00:03,1,3,1,3,0,1,0,0,0,0,attack
1765811294.0688555,1,1,10.0.0.3,10.0.0.1,00:00:00:00:00:03,00:00:00:00:00:00,3,1,3,0,1,0,0,1,16,0,attack
1765811294.0700533,1,2,10.0.0.1,10.0.0.3,00:00:00:00:00:01,00:00:00:00:00:03,1,3,1,3,0,1,0,0,0,0,attack
1765811294.1293051,1,1,10.0.0.3,10.0.0.1,00:00:00:00:00:03,00:00:00:00:00:00,3,1,3,0,1,0,0,1,17,0,attack
1765811294.1307874,1,2,10.0.0.1,10.0.0.3,00:00:00:00:00:01,00:00:00:00:00:03,1,3,1,3,0,1,0,0,0,0,attack
1765811294.1894364,1,1,10.0.0.3,10.0.0.1,00:00:00:00:00:03,00:00:00:00:00:00,3,1,3,0,1,0,0,1,1,0,attack
1765811294.1907148,1,2,10.0.0.1,10.0.0.3,00:00:00:00:00:01,00:00:00:00:00:03,1,3,1,3,0,1,0,0,0,0,attack
1765811294.2496192,1,1,10.0.0.3,10.0.0.1,00:00:00:00:00:03,00:00:00:00:00:00,3,1,3,0,1,0,0,1,2,0,attack
1765811294.2509305,1,2,10.0.0.1,10.0.0.3,00:00:00:00:00:01,00:00:00:00:00:03,1,3,1,3,0,1,0,0,0,0,attack
1765811294.3097122,1,1,10.0.0.3,10.0.0.1,00:00:00:00:00:03,00:00:00:00:00:00,3,1,3,0,1,0,0,1,3,0,attack
1765811294.3111796,1,2,10.0.0.1,10.0.0.3,00:00:00:00:00:01,00:00:00:00:00:03,1,3,1,3,0,1,0,0,0,0,attack
1765811294.3698034,1,1,10.0.0.3,10.0.0.1,00:00:00:00:00:03,00:00:00:00:00:00,3,1,3,0,1,0,0,1,4,0,attack
1765811294.3709881,1,2,10.0.0.1,10.0.0.3,00:00:00:00:00:01,00:00:00:00:00:03,1,3,1,3,0,1,0,0,0,0,attack
1765811294.430297,1,1,10.0.0.3,10.0.0.1,00:00:00:00:00:03,00:00:00:00:00:00,3,1,3,0,1,0,0,1,5,0,attack
1765811294.431892,1,2,10.0.0.1,10.0.0.3,00:00:00:00:00:01,00:00:00:00:00:03,1,3,1,3,0,1,0,0,0,0,attack
1765811294.4904358,1,1,10.0.0.3,10.0.0.1,00:00:00:00:00:03,00:00:00:00:00:00,3,1,3,0,1,0,0,1,6,0,attack
1765811294.4919446,1,2,10.0.0.1,10.0.0.3,00:00:00:00:00:01,00:00:00:00:00:03,1,3,1,3,0,1,0,0,0,0,attack
1765811294.5504234,1,1,10.0.0.3,10.0.0.1,00:00:00:00:00:03,00:00:00:00:00:00,3,1,3,0,1,0,0,1,7,0,attack
1765811294.551727,1,2,10.0.0.1,10.0.0.3,00:00:00:00:00:01,00:00:00:00:00:03,1,3,1,3,0,1,0,0,0,0,attack
1765811294.610848,1,1,10.0.0.3,10.0.0.1,00:00:00:00:00:03,00:00:00:00:00:00,3,1,3,0,1,0,0,1,8,0,attack
1765811294.6121662,1,2,10.0.0.1,10.0.0.3,00:00:00:00:00:01,00:00:00:00:00:03,1,3,1,3,0,1,0,0,0,0,attack
1765811294.6708891,1,1,10.0.0.3,10.0.0.1,00:00:00:00:00:03,00:00:00:00:00:00,3,1,3,0,1,0,0,1,9,0,attack
1765811294.6722288,1,2,10.0.0.1,10.0.0.3,00:00:00:00:00:01,00:00:00:00:00:03,1,3,1,3,0,1,0,0,0,0,attack
1765811294.7310398,1,1,10.0.0.3,10.0.0.1,00:00:00:00:00:03,00:00:00:00:00:00,3,1,3,0,1,0,0,1,10,0,attack
1765811294.7323816,1,2,10.0.0.1,10.0.0.3,00:00:00:00:00:01,00:00:00:00:00:03,1,3,1,3,0,1,0,0,0,0,attack
1765811294.791301,1,1,10.0.0.3,10.0.0.1,00:00:00:00:00:03,00:00:00:00:00:00,3,1,3,0,1,0,0,1,11,0,attack
1765811294.792594,1,2,10.0.0.1,10.0.0.3,00:00:00:00:00:01,00:00:00:00:00:03,1,3,1,3,0,1,0,0,0,0,attack
1765811294.8515222,1,1,10.0.0.3,10.0.0.1,00:00:00:00:00:03,00:00:00:00:00:00,3,1,3,0,1,0,0,1,12,0,attack
1765811294.8526962,1,2,10.0.0.1,10.0.0.3,00:00:00:00:00:01,00:00:00:00:00:03,1,3,1,3,0,1,0,0,0,0,attack
1765811294.911517,1,1,10.0.0.3,10.0.0.1,00:00:00:00:00:03,00:00:00:00:00:00,3,1,3,0,1,0,0,1,13,0,attack
1765811294.9127514,1,2,10.0.0.1,10.0.0.3,00:00:00:00:00:01,00:00:00:00:00:03,1,3,1,3,0,1,0,0,0,0,attack
1765811294.9712005,1,1,10.0.0.3,10.0.0.1,00:00:00:00:00:03,00:00:00:00:00:00,3,1,3,0,1,0,0,1,14,0,attack
1765811294.9718442,1,2,10.0.0.1,10.0.0.3,00:00:00:00:00:01,00:00:00:00:00:03,1,3,1,3,0,1,0,0,0,0,attack
1765811295.0318089,1,1,10.0.0.3,10.0.0.1,00:00:00:00:00:03,00:00:00:00:00:00,3,1,3,0,1,0,0,1,15,0,attack
1765811295.0331619,1,2,10.0.0.1,10.0.0.3,00:00:00:00:00:01,00:00:00:00:00:03,1,3,1,3,0,1,0,0,0,0,attack
1765811297.1317544,1,1,10.0.0.3,10.0.0.1,00:00:00:00:00:03,00:00:00:00:00:00,3,1,3,0,1,0,0,1,1,0,attack
1765811297.1330783,1,2,10.0.0.1,10.0.0.3,00:00:00:00:00:01,00:00:00:00:00:03,1,3,1,3,0,1,0,0,0,0,attack
1765811297.1920414,1,1,10.0.0.3,10.0.0.1,00:00:00:00:00:03,00:00:00:00:00:00,3,1,3,0,1,0,0,1,2,0,attack
1765811297.1932523,1,2,10.0.0.1,10.0.0.3,00:00:00:00:00:01,00:00:00:00:00:03,1,3,1,3,0,1,0,0,0,0,attack
1765811297.2521574,1,1,10.0.0.3,10.0.0.1,00:00:00:00:00:03,00:00:00:00:00:00,3,1,3,0,1,0,0,1,3,0,attack
1765811297.2535808,1,2,10.0.0.1,10.0.0.3,00:00:00:00:00:01,00:00:00:00:00:03,1,3,1,3,0,1,0,0,0,0,attack
1765811297.3123207,1,1,10.0.0.3,10.0.0.1,00:00:00:00:00:03,00:00:00:00:00:00,3,1,3,0,1,0,0,1,4,0,attack
1765811297.3138337,1,2,10.0.0.1,10.0.0.3,00:00:00:00:00:01,00:00:00:00:00:03,1,3,1,3,0,1,0,0,0,0,attack
1765811297.3725276,1,1,10.0.0.3,10.0.0.1,00:00:00:00:00:03,00:00:00:00:00:00,3,1,3,0,1,0,0,1,5,0,attack
1765811297.374202,1,2,10.0.0.1,10.0.0.3,00:00:00:00:00:01,00:00:00:00:00:03,1,3,1,3,0,1,0,0,0,0,attack
1765811297.4325066,1,1,10.0.0.3,10.0.0.1,00:00:00:00:00:03,00:00:00:00:00:00,3,1,3,0,1,0,0,1,6,0,attack
1765811297.4336545,1,2,10.0.0.1,10.0.0.3,00:00:00:00:00:01,00:00:00:00:00:03,1,3,1,3,0,1,0,0,0,0,attack
1765811297.4926794,1,1,10.0.0.3,10.0.0.1,00:00:00:00:00:03,00:00:00:00:00:00,3,1,3,0,1,0,0,1,7,0,attack
1765811297.4939458,1,2,10.0.0.1,10.0.0.3,00:00:00:00:00:01,00:00:00:00:00:03,1,3,1,3,0,1,0,0,0,0,attack
1765811297.5528853,1,1,10.0.0.3,10.0.0.1,00:00:00:00:00:03,00:00:00:00:00:00,3,1,3,0,1,0,0,1,8,0,attack
1765811297.5542176,1,2,10.0.0.1,10.0.0.3,00:00:00:00:00:01,00:00:00:00:00:03,1,3,1,3,0,1,0,0,0,0,attack
1765811297.6130412,1,1,10.0.0.3,10.0.0.1,00:00:00:00:00:03,00:00:00:00:00:00,3,1,3,0,1,0,0,1,9,0,attack
1765811297.6142423,1,2,10.0.0.1,10.0.0.3,00:00:00:00:00:01,00:00:00:00:00:03,1,3,1,3,0,1,0,0,0,0,attack
1765811297.673054,1,1,10.0.0.3,10.0.0.1,00:00:00:00:00:03,00:00:00:00:00:00,3,1,3,0,1,0,0,1,10,0,attack
1765811297.6743085,1,2,10.0.0.1,10.0.0.3,00:00:00:00:00:01,00:00:00:00:00:03,1,3,1,3,0,1,0,0,0,0,attack
1765811297.7332506,1,1,10.0.0.3,10.0.0.1,00:00:00:00:00:03,00:00:00:00:00:00,3,1,3,0,1,0,0,1,11,0,attack
1765811297.7345383,1,2,10.0.0.1,10.0.0.3,00:00:00:00:00:01,00:00:00:00:00:03,1,3,1,3,0,1,0,0,0,0,attack
1765811297.7934482,1,1,10.0.0.3,10.0.0.1,00:00:00:00:00:03,00:00:00:00:00:00,3,1,3,0,1,0,0,1,12,0,attack
1765811297.7947426,1,2,10.0.0.1,10.0.0.3,00:00:00:00:00:01,00:00:00:00:00:03,1,3,1,3,0,1,0,0,0,0,attack
1765811297.853793,1,1,10.0.0.3,10.0.0.1,00:00:00:00:00:03,00:00:00:00:00:00,3,1,3,0,1,0,0,1,13,0,attack
1765811297.8551822,1,2,10.0.0.1,10.0.0.3,00:00:00:00:00:01,00:00:00:00:00:03,1,3,1,3,0,1,0,0,0,0,attack
1765811297.9139197,1,1,10.0.0.3,10.0.0.1,00:00:00:00:00:03,00:00:00:00:00:00,3,1,3,0,1,0,0,1,14,0,attack
1765811297.915418,1,2,10.0.0.1,10.0.0.3,00:00:00:00:00:01,00:00:00:00:00:03,1,3,1,3,0,1,0,0,0,0,attack
1765811297.9733038,1,1,10.0.0.3,10.0.0.1,00:00:00:00:00:03,00:00:00:00:00:00,3,1,3,0,1,0,0,1,15,0,attack
1765811297.9738123,1,2,10.0.0.1,10.0.0.3,00:00:00:00:00:01,00:00:00:00:00:03,1,3,1,3,0,1,0,0,0,0,attack
1765811298.033984,1,1,10.0.0.3,10.0.0.1,00:00:00:00:00:03,00:00:00:00:00:00,3,1,3,0,1,0,0,1,16,0,attack
1765811298.035544,1,2,10.0.0.1,10.0.0.3,00:00:00:00:00:01,00:00:00:00:00:03,1,3,1,3,0,1,0,0,0,0,attack
1765811298.0942798,1,1,10.0.0.3,10.0.0.1,00:00:00:00:00:03,00:00:00:00:00:00,3,1,3,0,1,0,0,1,17,0,attack
1765811298.0954638,1,2,10.0.0.1,10.0.0.3,00:00:00:00:00:01,00:00:00:00:00:03,1,3,1,3,0,1,0,0,0,0,attack
1765811298.1543684,1,1,10.0.0.3,10.0.0.1,00:00:00:00:00:03,00:00:00:00:00:00,3,1,3,0,1,0,0,1,1,0,attack
1765811298.1554735,1,2,10.0.0.1,10.0.0.3,00:00:00:00:00:01,00:00:00:00:00:03,1,3,1,3,0,1,0,0,0,0,attack
1765811298.2146795,1,1,10.0.0.3,10.0.0.1,00:00:00:00:00:03,00:00:00:00:00:00,3,1,3,0,1,0,0,1,2,0,attack
1765811298.2159464,1,2,10.0.0.1,10.0.0.3,00:00:00:00:00:01,00:00:00:00:00:03,1,3,1,3,0,1,0,0,0,0,attack
1765811298.274841,1,1,10.0.0.3,10.0.0.1,00:00:00:00:00:03,00:00:00:00:00:00,3,1,3,0,1,0,0,1,3,0,attack
1765811298.2761376,1,2,10.0.0.1,10.0.0.3,00:00:00:00:00:01,00:00:00:00:00:03,1,3,1,3,0,1,0,0,0,0,attack
1765811298.3349268,1,1,10.0.0.3,10.0.0.1,00:00:00:00:00:03,00:00:00:00:00:00,3,1,3,0,1,0,0,1,4,0,attack
1765811298.3360996,1,2,10.0.0.1,10.0.0.3,00:00:00:00:00:01,00:00:00:00:00:03,1,3,1,3,0,1,0,0,0,0,attack
1765811298.3952498,1,1,10.0.0.3,10.0.0.1,00:00:00:00:00:03,00:00:00:00:00:00,3,1,3,0,1,0,0,1,5,0,attack
1765811298.3963213,1,2,10.0.0.1,10.0.0.3,00:00:00:00:00:01,00:00:00:00:00:03,1,3,1,3,0,1,0,0,0,0,attack
1765811298.4551566,1,1,10.0.0.3,10.0.0.1,00:00:00:00:00:03,00:00:00:00:00:00,3,1,3,0,1,0,0,1,6,0,attack
1765811298.4565096,1,2,10.0.0.1,10.0.0.3,00:00:00:00:00:01,00:00:00:00:00:03,1,3,1,3,0,1,0,0,0,0,attack
1765811298.5155942,1,1,10.0.0.3,10.0.0.1,00:00:00:00:00:03,00:00:00:00:00:00,3,1,3,0,1,0,0,1,7,0,attack
1765811298.516709,1,2,10.0.0.1,10.0.0.3,00:00:00:00:00:01,00:00:00:00:00:03,1,3,1,3,0,1,0,0,0,0,attack
1765811298.5755687,1,1,10.0.0.3,10.0.0.1,00:00:00:00:00:03,00:00:00:00:00:00,3,1,3,0,1,0,0,1,8,0,attack
1765811298.5766675,1,2,10.0.0.1,10.0.0.3,00:00:00:00:00:01,00:00:00:00:00:03,1,3,1,3,0,1,0,0,0,0,attack
1765811298.6356795,1,1,10.0.0.3,10.0.0.1,00:00:00:00:00:03,00:00:00:00:00:00,3,1,3,0,1,0,0,1,9,0,attack
1765811298.6367543,1,2,10.0.0.1,10.0.0.3,00:00:00:00:00:01,00:00:00:00:00:03,1,3,1,3,0,1,0,0,0,0,attack
1765811298.6958508,1,1,10.0.0.3,10.0.0.1,00:00:00:00:00:03,00:00:00:00:00:00,3,1,3,0,1,0,0,1,10,0,attack
1765811298.6972325,1,2,10.0.0.1,10.0.0.3,00:00:00:00:00:01,00:00:00:00:00:03,1,3,1,3,0,1,0,0,0,0,attack
1765811298.7560146,1,1,10.0.0.3,10.0.0.1,00:00:00:00:00:03,00:00:00:00:00:00,3,1,3,0,1,0,0,1,11,0,attack
1765811298.7571766,1,2,10.0.0.1,10.0.0.3,00:00:00:00:00:01,00:00:00:00:00:03,1,3,1,3,0,1,0,0,0,0,attack
1765811298.8160663,1,1,10.0.0.3,10.0.0.1,00:00:00:00:00:03,00:00:00:00:00:00,3,1,3,0,1,0,0,1,12,0,attack
1765811298.8172522,1,2,10.0.0.1,10.0.0.3,00:00:00:00:00:01,00:00:00:00:00:03,1,3,1,3,0,1,0,0,0,0,attack
1765811298.8765447,1,1,10.0.0.3,10.0.0.1,00:00:00:00:00:03,00:00:00:00:00:00,3,1,3,0,1,0,0,1,13,0,attack
1765811298.8776681,1,2,10.0.0.1,10.0.0.3,00:00:00:00:00:01,00:00:00:00:00:03,1,3,1,3,0,1,0,0,0,0,attack
1765811298.9366155,1,1,10.0.0.3,10.0.0.1,00:00:00:00:00:03,00:00:00:00:00:00,3,1,3,0,1,0,0,1,14,0,attack
1765811298.9377627,1,2,10.0.0.1,10.0.0.3,00:00:00:00:00:01,00:00:00:00:00:03,1,3,1,3,0,1,0,0,0,0,attack
1765811298.9966424,1,1,10.0.0.3,10.0.0.1,00:00:00:00:00:03,00:00:00:00:00:00,3,1,3,0,1,0,0,1,15,0,attack
1765811298.997798,1,2,10.0.0.1,10.0.0.3,00:00:00:00:00:01,00:00:00:00:00:03,1,3,1,3,0,1,0,0,0,0,attack
1765811299.056884,1,1,10.0.0.3,10.0.0.1,00:00:00:00:00:03,00:00:00:00:00:00,3,1,3,0,1,0,0,1,16,0,attack
1765811299.0579345,1,2,10.0.0.1,10.0.0.3,00:00:00:00:00:01,00:00:00:00:00:03,1,3,1,3,0,1,0,0,0,0,attack
1765811299.1170745,1,1,10.0.0.3,10.0.0.1,00:00:00:00:00:03,00:00:00:00:00:00,3,1,3,0,1,0,0,1,17,0,attack
1765811299.1181986,1,2,10.0.0.1,10.0.0.3,00:00:00:00:00:01,00:00:00:00:00:03,1,3,1,3,0,1,0,0,0,0,attack
1765811299.1773298,1,1,10.0.0.3,10.0.0.1,00:00:00:00:00:03,00:00:00:00:00:00,3,1,3,0,1,0,0,1,1,0,attack
1765811299.1788738,1,2,10.0.0.1,10.0.0.3,00:00:00:00:00:01,00:00:00:00:00:03,1,3,1,3,0,1,0,0,0,0,attack
1765811299.2372458,1,1,10.0.0.3,10.0.0.1,00:00:00:00:00:03,00:00:00:00:00:00,3,1,3,0,1,0,0,1,2,0,attack
1765811299.2383258,1,2,10.0.0.1,10.0.0.3,00:00:00:00:00:01,00:00:00:00:00:03,1,3,1,3,0,1,0,0,0,0,attack
1765811299.2977266,1,1,10.0.0.3,10.0.0.1,00:00:00:00:00:03,00:00:00:00:00:00,3,1,3,0,1,0,0,1,3,0,attack
1765811299.2990646,1,2,10.0.0.1,10.0.0.3,00:00:00:00:00:01,00:00:00:00:00:03,1,3,1,3,0,1,0,0,0,0,attack
1765811299.3579164,1,1,10.0.0.3,10.0.0.1,00:00:00:00:00:03,00:00:00:00:00:00,3,1,3,0,1,0,0,1,4,0,attack
1765811299.3593774,1,2,10.0.0.1,10.0.0.3,00:00:00:00:00:01,00:00:00:00:00:03,1,3,1,3,0,1,0,0,0,0,attack
1765811299.417873,1,1,10.0.0.3,10.0.0.1,00:00:00:00:00:03,00:00:00:00:00:00,3,1,3,0,1,0,0,1,5,0,attack
1765811299.4191914,1,2,10.0.0.1,10.0.0.3,00:00:00:00:00:01,00:00:00:00:00:03,1,3,1,3,0,1,0,0,0,0,attack
1765811299.4779847,1,1,10.0.0.3,10.0.0.1,00:00:00:00:00:03,00:00:00:00:00:00,3,1,3,0,1,0,0,1,6,0,attack
1765811299.4800599,1,2,10.0.0.1,10.0.0.3,00:00:00:00:00:01,00:00:00:00:00:03,1,3,1,3,0,1,0,0,0,0,attack
1765811299.5381942,1,1,10.0.0.3,10.0.0.1,00:00:00:00:00:03,00:00:00:00:00:00,3,1,3,0,1,0,0,1,7,0,attack
1765811299.5397716,1,2,10.0.0.1,10.0.0.3,00:00:00:00:00:01,00:00:00:00:00:03,1,3,1,3,0,1,0,0,0,0,attack
1765811299.5982969,1,1,10.0.0.3,10.0.0.1,00:00:00:00:00:03,00:00:00:00:00:00,3,1,3,0,1,0,0,1,8,0,attack
1765811299.5995934,1,2,10.0.0.1,10.0.0.3,00:00:00:00:00:01,00:00:00:00:00:03,1,3,1,3,0,1,0,0,0,0,attack
1765811299.6584952,1,1,10.0.0.3,10.0.0.1,00:00:00:00:00:03,00:00:00:00:00:00,3,1,3,0,1,0,0,1,9,0,attack
1765811299.6595306,1,2,10.0.0.1,10.0.0.3,00:00:00:00:00:01,00:00:00:00:00:03,1,3,1,3,0,1,0,0,0,0,attack
1765811299.718588,1,1,10.0.0.3,10.0.0.1,00:00:00:00:00:03,00:00:00:00:00:00,3,1,3,0,1,0,0,1,10,0,attack
1765811299.7197325,1,2,10.0.0.1,10.0.0.3,00:00:00:00:00:01,00:00:00:00:00:03,1,3,1,3,0,1,0,0,0,0,attack
1765811299.778651,1,1,10.0.0.3,10.0.0.1,00:00:00:00:00:03,00:00:00:00:00:00,3,1,3,0,1,0,0,1,11,0,attack
1765811299.7796426,1,2,10.0.0.1,10.0.0.3,00:00:00:00:00:01,00:00:00:00:00:03,1,3,1,3,0,1,0,0,0,0,attack
1765811299.8390107,1,1,10.0.0.3,10.0.0.1,00:00:00:00:00:03,00:00:00:00:00:00,3,1,3,0,1,0,0,1,12,0,attack
1765811299.8403947,1,2,10.0.0.1,10.0.0.3,00:00:00:00:00:01,00:00:00:00:00:03,1,3,1,3,0,1,0,0,0,0,attack
1765811299.8992155,1,1,10.0.0.3,10.0.0.1,00:00:00:00:00:03,00:00:00:00:00:00,3,1,3,0,1,0,0,1,13,0,attack
1765811299.900519,1,2,10.0.0.1,10.0.0.3,00:00:00:00:00:01,00:00:00:00:00:03,1,3,1,3,0,1,0,0,0,0,attack
1765811299.9595444,1,1,10.0.0.3,10.0.0.1,00:00:00:00:00:03,00:00:00:00:00:00,3,1,3,0,1,0,0,1,14,0,attack
1765811299.960918,1,2,10.0.0.1,10.0.0.3,00:00:00:00:00:01,00:00:00:00:00:03,1,3,1,3,0,1,0,0,0,0,attack
1765811300.0195656,1,1,10.0.0.3,10.0.0.1,00:00:00:00:00:03,00:00:00:00:00:00,3,1,3,0,1,0,0,1,15,0,attack
1765811300.0208032,1,2,10.0.0.1,10.0.0.3,00:00:00:00:00:01,00:00:00:00:00:03,1,3,1,3,0,1,0,0,0,0,attack
1765811300.0797675,1,1,10.0.0.3,10.0.0.1,00:00:00:00:00:03,00:00:00:00:00:00,3,1,3,0,1,0,0,1,16,0,attack
1765811300.0811007,1,2,10.0.0.1,10.0.0.3,00:00:00:00:00:01,00:00:00:00:00:03,1,3,1,3,0,1,0,0,0,0,attack
1765811301.7634227,1,1,10.0.0.3,10.0.0.1,00:00:00:00:00:03,00:00:00:00:00:00,3,1,3,0,1,0,0,1,1,0,attack
1765811301.7648044,1,2,10.0.0.1,10.0.0.3,00:00:00:00:00:01,00:00:00:00:00:03,1,3,1,3,0,1,0,0,0,0,attack
1765811301.82353,1,1,10.0.0.3,10.0.0.1,00:00:00:00:00:03,00:00:00:00:00:00,3,1,3,0,1,0,0,1,2,0,attack
1765811301.8246691,1,2,10.0.0.1,10.0.0.3,00:00:00:00:00:01,00:00:00:00:00:03,1,3,1,3,0,1,0,0,0,0,attack
1765811301.8831692,1,1,10.0.0.3,10.0.0.1,00:00:00:00:00:03,00:00:00:00:00:00,3,1,3,0,1,0,0,1,3,0,attack
1765811301.883831,1,2,10.0.0.1,10.0.0.3,00:00:00:00:00:01,00:00:00:00:00:03,1,3,1,3,0,1,0,0,0,0,attack
1765811301.9432132,1,1,10.0.0.3,10.0.0.1,00:00:00:00:00:03,00:00:00:00:00:00,3,1,3,0,1,0,0,1,4,0,attack
1765811301.9437296,1,2,10.0.0.1,10.0.0.3,00:00:00:00:00:01,00:00:00:00:00:03,1,3,1,3,0,1,0,0,0,0,attack
1765811302.0033298,1,1,10.0.0.3,10.0.0.1,00:00:00:00:00:03,00:00:00:00:00:00,3,1,3,0,1,0,0,1,5,0,attack
1765811302.0038683,1,2,10.0.0.1,10.0.0.3,00:00:00:00:00:01,00:00:00:00:00:03,1,3,1,3,0,1,0,0,0,0,attack
1765811302.063521,1,1,10.0.0.3,10.0.0.1,00:00:00:00:00:03,00:00:00:00:00:00,3,1,3,0,1,0,0,1,6,0,attack
1765811302.0641155,1,2,10.0.0.1,10.0.0.3,00:00:00:00:00:01,00:00:00:00:00:03,1,3,1,3,0,1,0,0,0,0,attack
1765811302.1237302,1,1,10.0.0.3,10.0.0.1,00:00:00:00:00:03,00:00:00:00:00:00,3,1,3,0,1,0,0,1,7,0,attack
1765811302.1243167,1,2,10.0.0.1,10.0.0.3,00:00:00:00:00:01,00:00:00:00:00:03,1,3,1,3,0,1,0,0,0,0,attack
1765811302.183898,1,1,10.0.0.3,10.0.0.1,00:00:00:00:00:03,00:00:00:00:00:00,3,1,3,0,1,0,0,1,8,0,attack
1765811302.1845996,1,2,10.0.0.1,10.0.0.3,00:00:00:00:00:01,00:00:00:00:00:03,1,3,1,3,0,1,0,0,0,0,attack
1765811302.2438977,1,1,10.0.0.3,10.0.0.1,00:00:00:00:00:03,00:00:00:00:00:00,3,1,3,0,1,0,0,1,9,0,attack
1765811302.2444565,1,2,10.0.0.1,10.0.0.3,00:00:00:00:00:01,00:00:00:00:00:03,1,3,1,3,0,1,0,0,0,0,attack
1765811302.3040402,1,1,10.0.0.3,10.0.0.1,00:00:00:00:00:03,00:00:00:00:00:00,3,1,3,0,1,0,0,1,10,0,attack
1765811302.3046792,1,2,10.0.0.1,10.0.0.3,00:00:00:00:00:01,00:00:00:00:00:03,1,3,1,3,0,1,0,0,0,0,attack
1765811302.3641806,1,1,10.0.0.3,10.0.0.1,00:00:00:00:00:03,00:00:00:00:00:00,3,1,3,0,1,0,0,1,11,0,attack
1765811302.3647516,1,2,10.0.0.1,10.0.0.3,00:00:00:00:00:01,00:00:00:00:00:03,1,3,1,3,0,1,0,0,0,0,attack
1765811302.4244704,1,1,10.0.0.3,10.0.0.1,00:00:00:00:00:03,00:00:00:00:00:00,3,1,3,0,1,0,0,1,12,0,attack
1765811302.4252748,1,2,10.0.0.1,10.0.0.3,00:00:00:00:00:01,00:00:00:00:00:03,1,3,1,3,0,1,0,0,0,0,attack
1765811302.4844542,1,1,10.0.0.3,10.0.0.1,00:00:00:00:00:03,00:00:00:00:00:00,3,1,3,0,1,0,0,1,13,0,attack
1765811302.4850106,1,2,10.0.0.1,10.0.0.3,00:00:00:00:00:01,00:00:00:00:00:03,1,3,1,3,0,1,0,0,0,0,attack
1765811302.5446205,1,1,10.0.0.3,10.0.0.1,00:00:00:00:00:03,00:00:00:00:00:00,3,1,3,0,1,0,0,1,14,0,attack
1765811302.5451684,1,2,10.0.0.1,10.0.0.3,00:00:00:00:00:01,00:00:00:00:00:03,1,3,1,3,0,1,0,0,0,0,attack
1765811302.6046817,1,1,10.0.0.3,10.0.0.1,00:00:00:00:00:03,00:00:00:00:00:00,3,1,3,0,1,0,0,1,15,0,attack
1765811302.6053274,1,2,10.0.0.1,10.0.0.3,00:00:00:00:00:01,00:00:00:00:00:03,1,3,1,3,0,1,0,0,0,0,attack
1765811302.6648035,1,1,10.0.0.3,10.0.0.1,00:00:00:00:00:03,00:00:00:00:00:00,3,1,3,0,1,0,0,1,16,0,attack
1765811302.665406,1,2,10.0.0.1,10.0.0.3,00:00:00:00:00:01,00:00:00:00:00:03,1,3,1,3,0,1,0,0,0,0,attack
1765811302.7249286,1,1,10.0.0.3,10.0.0.1,00:00:00:00:00:03,00:00:00:00:00:00,3,1,3,0,1,0,0,1,17,0,attack
1765811302.7255418,1,2,10.0.0.1,10.0.0.3,00:00:00:00:00:01,00:00:00:00:00:03,1,3,1,3,0,1,0,0,0,0,attack
1765811302.7851539,1,1,10.0.0.3,10.0.0.1,00:00:00:00:00:03,00:00:00:00:00:00,3,1,3,0,1,0,0,1,1,0,attack
1765811302.785714,1,2,10.0.0.1,10.0.0.3,00:00:00:00:00:01,00:00:00:00:00:03,1,3,1,3,0,1,0,0,0,0,attack
1765811302.8461154,1,1,10.0.0.3,10.0.0.1,00:00:00:00:00:03,00:00:00:00:00:00,3,1,3,0,1,0,0,1,2,0,attack
1765811302.8470585,1,2,10.0.0.1,10.0.0.3,00:00:00:00:00:01,00:00:00:00:00:03,1,3,1,3,0,1,0,0,0,0,attack
1765811302.905519,1,1,10.0.0.3,10.0.0.1,00:00:00:00:00:03,00:00:00:00:00:00,3,1,3,0,1,0,0,1,3,0,attack
1765811302.9060566,1,2,10.0.0.1,10.0.0.3,00:00:00:00:00:01,00:00:00:00:00:03,1,3,1,3,0,1,0,0,0,0,attack
1765811302.9657357,1,1,10.0.0.3,10.0.0.1,00:00:00:00:00:03,00:00:00:00:00:00,3,1,3,0,1,0,0,1,4,0,attack
1765811302.9665153,1,2,10.0.0.1,10.0.0.3,00:00:00:00:00:01,00:00:00:00:00:03,1,3,1,3,0,1,0,0,0,0,attack
1765811303.0257235,1,1,10.0.0.3,10.0.0.1,00:00:00:00:00:03,00:00:00:00:00:00,3,1,3,0,1,0,0,1,5,0,attack
1765811303.0263581,1,2,10.0.0.1,10.0.0.3,00:00:00:00:00:01,00:00:00:00:00:03,1,3,1,3,0,1,0,0,0,0,attack
1765811303.086019,1,1,10.0.0.3,10.0.0.1,00:00:00:00:00:03,00:00:00:00:00:00,3,1,3,0,1,0,0,1,6,0,attack
1765811303.0865154,1,2,10.0.0.1,10.0.0.3,00:00:00:00:00:01,00:00:00:00:00:03,1,3,1,3,0,1,0,0,0,0,attack
1765811303.1459925,1,1,10.0.0.3,10.0.0.1,00:00:00:00:00:03,00:00:00:00:00:00,3,1,3,0,1,0,0,1,7,0,attack
1765811303.1467073,1,2,10.0.0.1,10.0.0.3,00:00:00:00:00:01,00:00:00:00:00:03,1,3,1,3,0,1,0,0,0,0,attack
1765811303.2062848,1,1,10.0.0.3,10.0.0.1,00:00:00:00:00:03,00:00:00:00:00:00,3,1,3,0,1,0,0,1,8,0,attack
1765811303.2069538,1,2,10.0.0.1,10.0.0.3,00:00:00:00:00:01,00:00:00:00:00:03,1,3,1,3,0,1,0,0,0,0,attack
1765811303.2662578,1,1,10.0.0.3,10.0.0.1,00:00:00:00:00:03,00:00:00:00:00:00,3,1,3,0,1,0,0,1,9,0,attack
1765811303.2669914,1,2,10.0.0.1,10.0.0.3,00:00:00:00:00:01,00:00:00:00:00:03,1,3,1,3,0,1,0,0,0,0,attack
1765811303.326426,1,1,10.0.0.3,10.0.0.1,00:00:00:00:00:03,00:00:00:00:00:00,3,1,3,0,1,0,0,1,10,0,attack
1765811303.3271368,1,2,10.0.0.1,10.0.0.3,00:00:00:00:00:01,00:00:00:00:00:03,1,3,1,3,0,1,0,0,0,0,attack
1765811303.3866012,1,1,10.0.0.3,10.0.0.1,00:00:00:00:00:03,00:00:00:00:00:00,3,1,3,0,1,0,0,1,11,0,attack
1765811303.3872187,1,2,10.0.0.1,10.0.0.3,00:00:00:00:00:01,00:00:00:00:00:03,1,3,1,3,0,1,0,0,0,0,attack
1765811303.4467878,1,1,10.0.0.3,10.0.0.1,00:00:00:00:00:03,00:00:00:00:00:00,3,1,3,0,1,0,0,1,12,0,attack
1765811303.4474459,1,2,10.0.0.1,10.0.0.3,00:00:00:00:00:01,00:00:00:00:00:03,1,3,1,3,0,1,0,0,0,0,attack
1765811303.5071077,1,1,10.0.0.3,10.0.0.1,00:00:00:00:00:03,00:00:00:00:00:00,3,1,3,0,1,0,0,1,13,0,attack
1765811303.5079489,1,2,10.0.0.1,10.0.0.3,00:00:00:00:00:01,00:00:00:00:00:03,1,3,1,3,0,1,0,0,0,0,attack
1765811303.5670848,1,1,10.0.0.3,10.0.0.1,00:00:00:00:00:03,00:00:00:00:00:00,3,1,3,0,1,0,0,1,14,0,attack
1765811303.5677135,1,2,10.0.0.1,10.0.0.3,00:00:00:00:00:01,00:00:00:00:00:03,1,3,1,3,0,1,0,0,0,0,attack
1765811303.6271348,1,1,10.0.0.3,10.0.0.1,00:00:00:00:00:03,00:00:00:00:00:00,3,1,3,0,1,0,0,1,15,0,attack
1765811303.6277323,1,2,10.0.0.1,10.0.0.3,00:00:00:00:00:01,00:00:00:00:00:03,1,3,1,3,0,1,0,0,0,0,attack
1765811303.6873012,1,1,10.0.0.3,10.0.0.1,00:00:00:00:00:03,00:00:00:00:00:00,3,1,3,0,1,0,0,1,16,0,attack
1765811303.6881285,1,2,10.0.0.1,10.0.0.3,00:00:00:00:00:01,00:00:00:00:00:03,1,3,1,3,0,1,0,0,0,0,attack
1765811303.7472801,1,1,10.0.0.3,10.0.0.1,00:00:00:00:00:03,00:00:00:00:00:00,3,1,3,0,1,0,0,1,17,0,attack
1765811303.7477827,1,2,10.0.0.1,10.0.0.3,00:00:00:00:00:01,00:00:00:00:00:03,1,3,1,3,0,1,0,0,0,0,attack
1765811303.8078485,1,1,10.0.0.3,10.0.0.1,00:00:00:00:00:03,00:00:00:00:00:00,3,1,3,0,1,0,0,1,1,0,attack
1765811303.809387,1,2,10.0.0.1,10.0.0.3,00:00:00:00:00:01,00:00:00:00:00:03,1,3,1,3,0,1,0,0,0,0,attack
1765811303.8681378,1,1,10.0.0.3,10.0.0.1,00:00:00:00:00:03,00:00:00:00:00:00,3,1,3,0,1,0,0,1,2,0,attack
1765811303.8695269,1,2,10.0.0.1,10.0.0.3,00:00:00:00:00:01,00:00:00:00:00:03,1,3,1,3,0,1,0,0,0,0,attack
1765811303.9280305,1,1,10.0.0.3,10.0.0.1,00:00:00:00:00:03,00:00:00:00:00:00,3,1,3,0,1,0,0,1,3,0,attack
1765811303.9292676,1,2,10.0.0.1,10.0.0.3,00:00:00:00:00:01,00:00:00:00:00:03,1,3,1,3,0,1,0,0,0,0,attack
1765811303.9879086,1,1,10.0.0.3,10.0.0.1,00:00:00:00:00:03,00:00:00:00:00:00,3,1,3,0,1,0,0,1,4,0,attack
1765811303.9885488,1,2,10.0.0.1,10.0.0.3,00:00:00:00:00:01,00:00:00:00:00:03,1,3,1,3,0,1,0,0,0,0,attack
1765811304.048537,1,1,10.0.0.3,10.0.0.1,00:00:00:00:00:03,00:00:00:00:00:00,3,1,3,0,1,0,0,1,5,0,attack
1765811304.049672,1,2,10.0.0.1,10.0.0.3,00:00:00:00:00:01,00:00:00:00:00:03,1,3,1,3,0,1,0,0,0,0,attack
1765811304.1089108,1,1,10.0.0.3,10.0.0.1,00:00:00:00:00:03,00:00:00:00:00:00,3,1,3,0,1,0,0,1,6,0,attack
1765811304.1103694,1,2,10.0.0.1,10.0.0.3,00:00:00:00:00:01,00:00:00:00:00:03,1,3,1,3,0,1,0,0,0,0,attack
1765811304.1689448,1,1,10.0.0.3,10.0.0.1,00:00:00:00:00:03,00:00:00:00:00:00,3,1,3,0,1,0,0,1,7,0,attack
1765811304.1701393,1,2,10.0.0.1,10.0.0.3,00:00:00:00:00:01,00:00:00:00:00:03,1,3,1,3,0,1,0,0,0,0,attack
1765811304.2291071,1,1,10.0.0.3,10.0.0.1,00:00:00:00:00:03,00:00:00:00:00:00,3,1,3,0,1,0,0,1,8,0,attack
1765811304.2305267,1,2,10.0.0.1,10.0.0.3,00:00:00:00:00:01,00:00:00:00:00:03,1,3,1,3,0,1,0,0,0,0,attack
1765811304.2893527,1,1,10.0.0.3,10.0.0.1,00:00:00:00:00:03,00:00:00:00:00:00,3,1,3,0,1,0,0,1,9,0,attack
1765811304.2906008,1,2,10.0.0.1,10.0.0.3,00:00:00:00:00:01,00:00:00:00:00:03,1,3,1,3,0,1,0,0,0,0,attack
1765811304.3496022,1,1,10.0.0.3,10.0.0.1,00:00:00:00:00:03,00:00:00:00:00:00,3,1,3,0,1,0,0,1,10,0,attack
1765811304.3509119,1,2,10.0.0.1,10.0.0.3,00:00:00:00:00:01,00:00:00:00:00:03,1,3,1,3,0,1,0,0,0,0,attack
1765811304.4096346,1,1,10.0.0.3,10.0.0.1,00:00:00:00:00:03,00:00:00:00:00:00,3,1,3,0,1,0,0,1,11,0,attack
1765811304.410986,1,2,10.0.0.1,10.0.0.3,00:00:00:00:00:01,00:00:00:00:00:03,1,3,1,3,0,1,0,0,0,0,attack
1765811304.4699888,1,1,10.0.0.3,10.0.0.1,00:00:00:00:00:03,00:00:00:00:00:00,3,1,3,0,1,0,0,1,12,0,attack
1765811304.471844,1,2,10.0.0.1,10.0.0.3,00:00:00:00:00:01,00:00:00:00:00:03,1,3,1,3,0,1,0,0,0,0,attack
1765811304.5298584,1,1,10.0.0.3,10.0.0.1,00:00:00:00:00:03,00:00:00:00:00:00,3,1,3,0,1,0,0,1,13,0,attack
1765811304.5311031,1,2,10.0.0.1,10.0.0.3,00:00:00:00:00:01,00:00:00:00:00:03,1,3,1,3,0,1,0,0,0,0,attack
1765811304.5895557,1,1,10.0.0.3,10.0.0.1,00:00:00:00:00:03,00:00:00:00:00:00,3,1,3,0,1,0,0,1,14,0,attack
1765811304.5903263,1,2,10.0.0.1,10.0.0.3,00:00:00:00:00:01,00:00:00:00:00:03,1,3,1,3,0,1,0,0,0,0,attack
1765811304.6497257,1,1,10.0.0.3,10.0.0.1,00:00:00:00:00:03,00:00:00:00:00:00,3,1,3,0,1,0,0,1,15,0,attack
1765811304.650369,1,2,10.0.0.1,10.0.0.3,00:00:00:00:00:01,00:00:00:00:00:03,1,3,1,3,0,1,0,0,0,0,attack
1765811304.7102928,1,1,10.0.0.3,10.0.0.1,00:00:00:00:00:03,00:00:00:00:00:00,3,1,3,0,1,0,0,1,16,0,attack
1765811304.711603,1,2,10.0.0.1,10.0.0.3,00:00:00:00:00:01,00:00:00:00:00:03,1,3,1,3,0,1,0,0,0,0,attack
